NAME,ADM0NAME,POP_MAX,lon,lat
Moscow,Russia,10452000,37.613577,55.75411
Istanbul,Turkey,10061000,28.97427681675554,41.01760173507249
Paris,France,9904000,2.3529924615392135,48.85809231626911
London,United Kingdom,8567000,-0.1186677,51.5019406
Madrid,Spain,5567000,-3.6852975,40.4019721
Barcelona,Spain,4920000,2.1814245,41.3852454
St.  Petersburg,Russia,4553000,30.3140742,59.9409604
Ankara,Turkey,3716000,32.8624458,39.9291844
Berlin,Germany,3406000,13.3996028,52.5237645
Algiers,Algeria,3354000,3.0486067,36.7650107
Rome,Italy,3339000,12.4813126,41.8979015
Athens,Greece,3242000,23.7313752,37.9852721
Milan,Italy,2945000,9.2030631,45.4719211
Stuttgart,Germany,2944700,9.1999963,48.7799799
Frankfurt,Germany,2895000,8.6750154,50.0999768
Lisbon,Portugal,2812000,-9.1468122,38.7246687
Katowice,Poland,2746000,19.020017,50.2603805
Aleppo,Syria,2738000,37.1680744,36.2319166
Kyiv,Ukraine,2709000,30.5146821,50.4353132
İzmir,Turkey,2587000,27.1498482,38.4380955
Tunis,Tunisia,2412500,10.1796781,36.8027781
Vienna,Austria,2400000,16.3646931,48.2019611
Mannheim,Germany,2362000,8.470015,49.5003752
Birmingham,United Kingdom,2285000,-1.9219426,52.4769198
Naples,Italy,2250000,14.2430655,40.8419711
Manchester,United Kingdom,2230000,-2.2486846671598855,53.47531992472453
Bucharest,Romania,1942000,26.0980008,44.4353177
Minsk,Belarus,1805000,27.5646813,53.9019233
Hamburg,Germany,1757000,9.9980533,53.5519705
Brussels,Belgium,1743000,4.3313707,50.8352629
Essen,Germany,1742135,7.0166154,51.4499978
Warsaw,Poland,1707000,21.005346737742283,52.23087197353951
Rabat,Morocco,1705000,-6.8364082,34.0253073
Budapest,Hungary,1679000,19.0813748,47.5019522
Turin,Italy,1652000,7.6680146,45.072333
Leeds,United Kingdom,1529000,-1.5513477114128407,53.790016637752316
Florence,Italy,1500000,11.2500004,43.7800008
Bursa,Turkey,1492000,29.0680521,40.2019327
Kharkiv,Ukraine,1461000,36.2480789,50.0019288
Lyon,France,1423000,4.8280846,45.7719544
The Hague,Netherlands,1406000,4.2699613,52.0800368
Marseille,France,1400000,5.3730643,43.2919249
Porto,Portugal,1337000,-8.6219471,41.1519522
Mosul,Iraq,1316000,43.1430586,36.3469483
Adana,Turkey,1293000,35.3180582,36.9969345
Sheffield,United Kingdom,1292900,-1.4999966,53.3666767
Nizhny Novgorod,Russia,1278000,43.9981485,56.3349531
Duisburg,Germany,1276757,6.7500166,51.4299732
Munich,Germany,1275000,11.5730476,48.1318879
Stockholm,Sweden,1264000,18.066300168534497,59.324127204007475
Geneva,Switzerland,1240000,6.140028,46.2100075
Düsseldorf,Germany,1220000,6.779989,51.2203736
Seville,Spain,1212045,-5.9800074,37.4050153
Sofia,Bulgaria,1185000,23.3147082,42.6852953
Prague,Czechia,1162000,14.422939486203868,50.0869665373215
Glasgow,United Kingdom,1160000,-4.239100528802634,55.86226975799262
Helsinki,Finland,1115000,24.932456915043964,60.16380384948568
Zürich,Switzerland,1108000,8.5480643,47.3819337
Yerevan,Armenia,1102000,44.5116055,40.1830966
Tbilisi,Georgia,1100000,44.7888496,41.7269558
Belgrade,Serbia,1099000,20.4660448,44.8205913
København,Denmark,1085000,12.5615399,55.68051
Dublin,Ireland,1059000,-6.256979517281132,53.34673124898314
Rostov,Russia,1052000,39.7107099,47.2365937
Dnipro,Ukraine,1050000,34.9980777,48.4819182
Lille,France,1044000,3.0780622,50.651915
Gaziantep,Turkey,1044000,37.3830484,37.0769296
Amsterdam,Netherlands,1031000,4.9146943,52.3519145
Rotterdam,Netherlands,1005000,4.4780285,51.921915
Homs,Syria,1005000,36.7180761,34.7319048
Cologne,Germany,1004000,6.9480586,50.9319495
Fez,Morocco,1002000,-5.0023231,34.0565455
Odessa,Ukraine,991000,30.7080553,46.4919622
Donetsk,Ukraine,988000,37.8280342,48.0019475
Duhok,Iraq,986000,43.0000026,36.8667001
Volgograd,Russia,984000,44.4980146,48.7119558
Salerno,Italy,954265,14.7699406,40.6803967
Nice,France,927000,7.2630781,43.7169636
Irbil,Iraq,926000,44.0066751,36.1809895
Antwerpen,Belgium,920000,4.4130712,51.2223194
Konya,Turkey,919000,32.4730639,37.8769583
Tirana,Albania,895350,19.818883,41.3275407
Tarsus,Turkey,894318,34.8799792,36.9203937
Newcastle,United Kingdom,882000,-1.6116254893345796,54.98974205316957
Bilbao,Spain,875552,-2.9299868,43.2499815
Palermo,Italy,863000,13.3480814,38.1269689
Cardiff,United Kingdom,861400,-3.1675981955277295,51.48261904913091
Toulouse,France,847000,1.4479809,43.6219048
Voronezh,Russia,844000,39.18684252206281,51.66539025109858
Oslo,Norway,835000,10.7480333,59.9186361
Basel,Switzerland,830000,7.590017,47.580389
Thessaloniki,Greece,828000,22.8830549,40.6980522
Braga,Portugal,826833,-8.4213312,41.5549945
Nottingham,United Kingdom,825600,-1.1657063345433347,52.941084202004
Liverpool,United Kingdom,811000,-2.961934009816594,53.405068298036525
Valencia,Spain,808000,-0.4019579,39.4869634
Lviv,Ukraine,803880,24.0299955,49.8349801
Bordeaux,France,803000,-0.5969589,44.8519589
Oran,Algeria,798000,-0.6219186,35.7119483
Zaporizhzhya,Ukraine,788000,35.1748628,47.859243
Antalya,Turkey,783000,30.6980301,36.891928
Wuppertal,Germany,776525,7.169991,51.25001
Saarbrücken,Germany,770001,6.9700032,49.2503904
Trabzon,Turkey,764714,39.7199939,40.9799909
Łódź,Poland,758000,19.458228648552854,51.76779686697564
Kraków,Poland,756000,19.9580655,50.0619251
Tangier,Morocco,750060,-5.806197897901798,35.77592490288572
Liège,Belgium,749110,5.5800105,50.6299962
Riga,Latvia,742572,24.0999654,56.9500238
Gdańsk,Poland,740000,18.6400402,54.3599752
Nürnberg,Germany,737304,11.0799849,49.4499907
Bremen,Germany,724909,8.8000207,53.0800016
Zagreb,Croatia,722526,15.9999947,45.8000067
Hanover,Germany,722490,9.7166573,52.3669702
Sarajevo,Bosnia and Herzegovina,696731,18.3830017,43.8500224
Chișinău,Moldova,688134,28.8577111,47.0050236
Bonn,Germany,680543,7.0800223,50.7204557
Catania,Italy,674542,15.0799991,37.4999707
Bytom,Poland,662247,18.9099979,50.3500391
Kryvyy Rih,Ukraine,652380,33.3449825,47.9283264
Krasnodar,Russia,649851,39.0000378,45.0199768
Zaragoza,Spain,649404,-0.8899821,41.6500016
Genoa,Italy,647497,8.9300386,44.4099882
Diyarbakır,Turkey,644763,40.2300402,37.920436
Utrecht,Netherlands,640000,5.1200386,52.1003457
Wrocław,Poland,634893,17.0300093,51.1104319
Poznań,Poland,623997,16.8999397,52.4057534
Southend-on-Sea,United Kingdom,618386,0.7199971,51.5500175
Dresden,Germany,617515,13.7500028,51.0499705
Wiesbaden,Germany,617126,8.2500284,50.0803915
Icel,Turkey,616990,34.6199951,36.7999876
Samsun,Turkey,609339,36.3436625,41.2799984
Yaroslavl,Russia,606730,39.8700105,57.6199829
Constantine,Algeria,605179,6.5999483,36.3599886
Kirkuk,Iraq,601433,44.3922668,35.4722392
Kayseri,Turkey,592840,35.4900195,38.7349599
Dortmund,Germany,588462,7.4500256,51.5299671
Urmia,Iran,577307,44.9999816,37.5299947
Bristol,United Kingdom,553528,-2.5833155,51.4499978
Kenitra,Morocco,551786,-6.5799966,34.2704004
Málaga,Spain,550058,-4.4199992,36.7204059
Leipzig,Germany,542529,12.4099812,51.3354053
Vilnius,Lithuania,542366,25.3166353,54.6833663
Latakia,Syria,539147,35.779976,35.539987
Göteborg,Sweden,537797,11.978630208072927,57.709146768849784
Rouen,France,532559,1.0799751,49.4304053
Ṭarābulus,Lebanon,530000,35.83166068140427,34.438267091668244
Ryazan,Russia,520173,39.7199939,54.6199593
Lipetsk,Russia,515655,39.6399987,52.6200039
Eskişehir,Turkey,514869,30.5299605,39.7949986
Penza,Russia,512602,44.9999816,53.1800214
Blida,Algeria,511348,2.8299975,36.4203467
Mykolayiv,Ukraine,510840,31.984342,46.9677391
Gliwice,Poland,507670,18.6700126,50.3303762
Edinburgh,United Kingdom,504966,-3.2190906,55.9483279
Annaba,Algeria,503524,7.7599808,36.9200061
Brighton,United Kingdom,503008,-0.1699744,50.8303457
Bradford,United Kingdom,501700,-1.754464650200906,53.79167546080204
Bari,Italy,500577,16.8727579,41.1142204
Skopje,North Macedonia,494087,21.4334615,42.0000061
Tula,Russia,489486,37.6299406,54.1999591
Bologna,Italy,488172,11.3400207,44.500422
Mariupol,Ukraine,481626,37.5561983,47.0961808
Homyel,Belarus,480951,31.0000093,52.4300155
Ostrava,Czechia,478963,18.2499865,49.830355
İzmit,Turkey,466504,29.9306172,40.776024
Piraeus,Greece,466065,23.6999898,37.9500208
Pristina,Kosovo,465186,21.1659843,42.6667096
Malatya,Turkey,461574,38.3000288,38.3704344
Hamah,Syria,460602,36.7299955,35.1503467
Leicester,United Kingdom,457983,-1.1332489,52.6299774
Sfax,Tunisia,453050,10.7200069,34.7500352
Sunderland,United Kingdom,452934,-1.3798815645185654,54.903407084625925
Luhansk,Ukraine,452000,39.3343843,48.5697602
Belfast,United Kingdom,450406,-5.928177644913072,54.594245156841886
Şanlıurfa,Turkey,449549,38.7949857,37.1699909
Chlef,Algeria,449167,1.3199605,36.1704136
Gent,Belgium,444336,3.7000219,51.0299976
Portsmouth,United Kingdom,442252,-1.0800222,50.8003475
Strasbourg,France,439972,7.7500073,48.5799662
Nantes,France,438537,-1.5900169,47.2103858
Kaliningrad,Russia,434954,20.4973429,54.7000061
Bryansk,Russia,427236,34.4299808,53.2599907
Bournemouth,United Kingdom,426945,-1.9000497,50.7299901
Heidelberg,Germany,426590,8.6999751,49.4199925
Bratislava,Slovakia,423737,17.1169808,48.1500183
Ivanovo,Russia,420839,41.0099926,57.0100202
Erzurum,Turkey,420691,41.2900272,39.9203915
Middlesbrough,United Kingdom,416042,-1.2300131,54.5803752
Kursk,Russia,409431,36.1900284,51.7399801
Oujda,Morocco,409391,-1.9099716,34.690013
Metz,France,409186,6.1800256,49.1203467
Szczecin,Poland,407811,14.5300069,53.4203943
Murcia,Spain,406807,-1.1299675,37.9799931
Tver,Russia,400212,35.8899951,56.8599776
Khmelnytskyy,Ukraine,398346,27.0015454,49.4249276
Eindhoven,Netherlands,398053,5.5000154,51.4299732
Horlivka,Ukraine,396885,38.0546691,48.2996474
Tallinn,Estonia,394024,24.7280407,59.4338774
Stoke,United Kingdom,390801,-2.1800068,53.0003683
Grenoble,France,388574,5.720002,45.1803805
Granada‎,Spain,388290,-3.5850114,37.1649783
Brno,Czechia,388277,16.6099833,49.2003935
Coventry,United Kingdom,388271,-1.5026745279244569,52.40074087605872
Béjaïa,Algeria,384937,5.0700158,36.7603776
Southampton,United Kingdom,384417,-1.3999768,50.9000314
Sevastopol,Russia,379200,33.52439491312476,44.60392525649835
Vigo,Spain,378952,-8.7299945,42.2200185
Karlsruhe,Germany,377487,8.3999934,48.9999923
Makiyivka,Ukraine,376610,37.9746224,48.0296639
Kahramanmaraş,Turkey,376045,36.9450211,37.6099898
Palma,Spain,375773,2.654246,39.5742627
Kaunas,Lithuania,374643,23.8800305,54.9504043
Denizli,Turkey,372344,29.0800232,37.7703935
Van,Turkey,371713,43.399976,38.4954397
La Coruña,Spain,370610,-8.4199876,43.3299766
Reading,United Kingdom,369804,-0.9800283,51.4699707
Mahilyow,Belarus,369200,30.32465,53.8985047
Valletta,Malta,368250,14.5147107,35.8997325
Bydgoszcz,Poland,366452,18.0100012,53.1204126
Vladikavkaz,Russia,364630,44.669976,43.0503813
Stavropol,Russia,363064,41.9800109,45.0500008
Lublin,Poland,360044,22.5727201,51.2503976
Augsburg,Germany,358989,10.8999959,48.3500061
Simferopol,Russia,358108,34.0987349,44.9491543
Toulon,France,357693,5.9188216,43.1341865
San Sebastián,Spain,357468,-1.9799931,43.3203906
Archangel,Russia,356051,40.5450081,64.5749589
Vinnytsya,Ukraine,352115,28.4815584,49.225379
Haarlem,Netherlands,349957,4.629991,52.3804319
Linz,Austria,349161,14.2887813,48.3192328
Verona,Italy,347459,10.9900162,45.4403904
Charleroi,Belgium,345367,4.450002,50.4203965
Belgorod,Russia,345289,36.5999259,50.6299962
Vitsyebsk,Belarus,342700,30.1853304,55.1887101
Plovdiv,Bulgaria,340494,24.7539823,42.1539761
Kaluga,Russia,338978,36.2700236,54.5203788
Gijón,Spain,335972,-5.6700004,43.5300161
Orel,Russia,334552,36.0699841,52.9699567
Bielefeld,Germany,331906,8.5300114,52.0299882
Sochi,Russia,327608,39.7299674,43.5900124
Montpellier,France,327254,3.8699857,43.6103988
Sousse,Tunisia,327004,10.6250256,35.8299951
Iași,Romania,325914,27.5749471,47.168347
Volzhskiy,Russia,323293,44.7743623,48.794811
Valladolid,Spain,322304,-4.7500308,41.6500016
Córdoba,Spain,321376,-4.7700037,37.8799992
Smolensk,Russia,320991,32.0473356,54.7826884
Podolsk,Russia,320635,37.5299467,55.3804297
Kherson,Ukraine,320477,32.6006649,46.6325372
Murmansk,Russia,319263,33.1000362,68.9699878
Vladimir,Russia,318648,40.4099259,56.1299705
Poltava,Ukraine,317847,34.5702823,49.5740399
Hrodna,Belarus,317365,23.8340901,53.6778721
Cluj-Napoca,Romania,316748,23.5984456,46.7884219
Alicante,Spain,315863,-0.4836407,38.3512199
Timișoara,Romania,315053,21.2234484,45.7588206
Ljubljana,Slovenia,314807,14.514969,46.0552883
Pescara,Italy,314789,14.2186564,42.4554305
Gdynia,Poland,314664,18.5300211,54.5203788
Varna,Bulgaria,312770,27.8952893,43.2156425
Koblenz,Germany,312633,7.5999906,50.3504783
Cherepovets,Russia,311850,37.9099751,59.1404328
Galați,Romania,311156,28.0458744,45.4558934
Brașov,Romania,311044,25.6071602,45.6475354
Dayr az Zawr,Syria,309141,40.1299947,35.3303874
Nalchik,Russia,307866,43.6179471,43.4981059
Chernihiv,Ukraine,307684,31.3015413,51.5049298
Ksar El Kebir,Morocco,306600,-5.9099858,35.0203805
Craiova,Romania,304142,23.8258736,44.3262724
Constanța,Romania,303399,28.6099743,44.2026624
Chemnitz,Germany,302643,12.919976,50.8299839
Kingston upon Hull,United Kingdom,302296,-0.3299905,53.7504258
Batman,Turkey,302074,41.1400105,37.890412
Tambov,Russia,301482,41.4300187,52.730023
Brest,Belarus,300715,23.6999898,52.0999839
Chernivtsi,Ukraine,298251,25.9215596,48.305306
İskenderun,Turkey,297943,36.1700297,36.5804144
Cherkasy,Ukraine,297568,32.0709,49.4347203
Vologda,Russia,294889,39.9199816,59.2099892
Sumy,Ukraine,294456,34.7808638,50.9242934
Swansea,United Kingdom,294339,-3.9500021,51.6299868
Białystok,Poland,291855,23.182319226878395,53.13169570980265
Cagliari,Italy,291511,9.1039815,39.2223979
Kassel,Germany,289924,9.5000297,51.3000069
Sakarya,Turkey,286787,30.4000025,40.7666611
Cádiz,Spain,283157,-6.2861410092128995,36.52482926254671
Zhytomyr,Ukraine,282192,28.6621675,50.2455752
Batna,Algeria,280798,6.1700004,35.5699593
Rize,Turkey,279450,40.5218571,41.0208411
Taganrog,Russia,279056,38.919991,47.229997
Kostroma,Russia,277656,40.9400227,57.7700255
Bern,Switzerland,275329,7.4669755,46.9166828
Sétif,Algeria,274744,5.3999698,36.1800255
Pamplona,Spain,274545,-1.6499874,42.8200078
Blackpool,United Kingdom,272792,-3.0500053,53.8303951
Elâzığ,Turkey,271492,39.2299979,38.6799762
Venice,Italy,270816,12.3349987,45.4386593
Münster,Germany,270184,7.6200411,51.9704053
Kiel,Germany,269427,10.130017,54.3303904
Malmö,Sweden,269349,13.023059685006762,55.59942395416559
Nancy,France,268976,6.2000244,48.6836808
Lausanne,Switzerland,265702,6.6500227,46.5304273
Saint-Étienne,France,265684,4.3800321,45.4303911
Petrozavodsk,Russia,265025,34.36122287793718,61.781318478265966
Sivas,Turkey,264022,37.0349898,39.7454151
Graz,Austria,263234,15.4100048,47.0777582
Balıkesir,Turkey,261516,27.8900183,39.6503821
Adapazarı,Turkey,260109,30.4150321,40.799976
Tampere,Finland,259279,23.7500126,61.5000045
Dzerzhinsk,Russia,256537,43.460024,56.2503766
Rivne,Ukraine,255106,26.2528055,50.6165861
Freiburg,Germany,254889,7.8699483,48.0004151
Messina,Italy,252026,15.5499963,38.2004706
Como,Italy,250000,9.0800036,45.8100061
Caserta,Italy,250000,14.3373571,41.0599601
Niš,Serbia,250000,21.8999963,43.3304159
Luzern,Switzerland,250000,8.2800008,47.0504214
Kirovohrad,Ukraine,249454,32.2602941,48.5040536
Melun,France,249432,2.6666483,48.5333024
Miskolc,Hungary,247757,20.780013,48.100409
Plymouth,United Kingdom,247297,-4.1599893,50.3853858
Rzeszów,Poland,245686,21.995991522124438,50.02865490248002
Ternopil,Ukraine,244768,25.5821488,49.5359802
Braunschweig,Germany,244715,10.5000203,52.2499748
Manisa,Turkey,243971,27.4399682,38.6303927
Le Havre,France,242124,0.1049701,49.5049744
Novorossiysk,Russia,241856,37.769932,44.7299687
Ivano-Frankivsk,Ukraine,241239,24.7093855,48.9347508
Fürth,Germany,237844,10.9999898,49.4700153
Århus,Denmark,237551,10.210684,56.157204
Košice,Slovakia,236563,21.2500101,48.730448
Tours,France,236096,0.6999467,47.3803754
Luton,United Kingdom,235958,-0.4200108,51.8803591
Oviedo,Spain,235651,-5.8299907,43.3504922
Lübeck,Germany,235390,10.6699841,53.8703927
Clermont-Ferrand,France,233050,3.0800081,45.7799821
Kremenchuk,Ukraine,232742,33.4296285,49.0835272
Ploiești,Romania,232542,26.036488,44.9469064
Debrecen,Hungary,231286,21.6300386,47.5304696
Osnabrück,Germany,231268,8.049989,52.280438
Magdeburg,Germany,229826,11.6200036,52.1304214
Tlimcen,Algeria,229777,-1.3200076,34.8904142
Noginsk,Russia,229731,38.4800179,55.8704256
Starsy Oskol,Russia,226977,37.8399536,51.3004203
Kolpino,Russia,225801,30.6500048,59.7300092
Novi Sad,Serbia,225457,19.8499406,45.2503762
Skikda,Algeria,225181,6.8999816,36.880422
Vitoria,Spain,224578,-2.6699768,42.8499801
Nicosia,Cyprus,224300,33.3666349,35.1666765
Adıyaman,Turkey,223744,38.2799267,37.7703935
Banja Luka,Bosnia and Herzegovina,221738,17.1799743,44.7804049
Shakhty,Russia,221312,40.2700378,47.7203805
Babruysk,Belarus,220517,29.1927811,53.1265621
Velikiy Novgorod,Russia,218717,31.330015,58.4999809
Potsdam,Germany,218095,13.0699926,52.4004049
Orléans,France,217301,1.9000284,47.9004212
Rybinsk,Russia,216724,38.8199971,58.0503443
Groningen,Netherlands,216688,6.5800012,53.2204065
Trieste,Italy,216035,13.8000256,45.6503776
Kielce,Poland,215733,20.6600203,50.8903937
Mulhouse,France,215454,7.34998,47.7504045
Split,Croatia,214741,16.4699918,43.5204043
Oradea,Romania,213830,21.9199951,47.0499821
Lutsk,Ukraine,213661,25.3333785,50.7471983
Bergen,Norway,213585,5.3245223,60.3910024
Brăila,Romania,213569,27.9690035,45.2919961
Kırıkkale,Turkey,211138,33.5299841,39.8503699
Rennes,France,209375,-1.670012,48.1000214
Santander,Spain,208763,-3.7999854,43.3804645
Sidi bel Abbes,Algeria,208604,-0.6399716,35.1903443
Salzburg,Austria,206279,13.0400203,47.8104783
Pisa,Italy,203336,10.4000264,43.7204696
Erfurt,Germany,203254,11.0299621,50.9700529
Rostock,Germany,203080,12.1499971,54.0703805
Khvoy,Iran,202728,44.9700093,38.5303988
Biskra,Algeria,202103,5.7300272,34.8599768
Taranto,Italy,202033,17.2299971,40.5083917
Pskov,Russia,201990,28.3299397,57.829996
Cartagena,Spain,201274,-0.9800283,37.6004297
Bergamo,Italy,200000,9.6699934,45.7004004
Bacău,Romania,199668,26.9196382,46.5784347
Taza,Morocco,199633,-4.019972,34.2203776
Armavir,Russia,199548,41.130037,45.0003915
Bila Tserkva,Ukraine,199163,30.1309151,49.7743119
Aydın,Turkey,198857,27.8500207,37.8499752
Reims,France,196565,4.029976,49.2503904
Burgas,Bulgaria,195966,27.4746431,42.5146
Severodvinsk,Russia,194292,39.830013,64.5700238
Oxford,United Kingdom,192796,-1.2480763373698314,51.751827978066444
Klaipėda,Lithuania,192307,21.1199406,55.720409
Norwich,United Kingdom,190756,1.3000134,52.630365
Caen,France,190099,-0.3499893,49.1837537
Aberdeen,United Kingdom,189364,-2.105049991692299,57.145133499698055
Cork,Ireland,188907,-8.465109738576434,51.89283760162047
Angers,France,188380,-0.5300299,47.4800075
Mostaganem,Algeria,188354,0.0899839,35.940376
Szeged,Hungary,187765,20.1500256,46.2503927
Gibraltar,Gibraltar,187083,-5.346014061862125,36.128341769040006
Olsztyn,Poland,186670,20.48556398050473,53.77258429042908
Pécs,Hungary,186262,18.2200142,46.0804289
Marbella,Spain,186131,-4.8833301,36.5166199
Kütahya,Turkey,185008,29.9299971,39.4200086
Mainz,Germany,184997,8.2732192,49.9824725
Ruse,Bulgaria,184270,25.9733394,43.8536914
Tiarat,Algeria,184195,1.3199605,35.380436
Kramatorsk,Ukraine,184105,37.5343908,48.7193634
Kutaisi,Georgia,183945,42.729991,42.2499909
Corum,Turkey,183418,34.9500008,40.5199931
Mataró,Spain,183293,2.4500207,41.5399567
Castello,Spain,180610,-0.0500076,39.9704142
Reggio di Calabria,Italy,180353,15.6413602,38.1149978
Almería,Spain,179405,-2.4299915,36.8303475
Ar Raqqah,Syria,177636,39.0199849,35.9303766
Treviso,Italy,177309,12.2400175,45.6700147
Nyíregyháza,Hungary,176880,21.7187154,47.9653268
Turku,Finland,175945,22.2549617,60.4538668
Modena,Italy,175502,10.9199947,44.6500252
Stavanger,Norway,173132,5.6800044,58.9700039
Ulm,Germany,172955,9.9999991,48.4003906
Isparta,Turkey,172334,30.5299605,37.7699801
Tébessa,Algeria,171742,8.1200105,35.4104342
Prizren,Kosovo,171464,20.7500923,42.2293203
Kragujevac,Serbia,171197,20.9200044,44.0199603
Pitești,Romania,171021,24.8758353,44.8563176
Rijeka,Croatia,170992,14.4500118,45.3299837
Djelfa,Algeria,170901,3.2500236,34.6799878
Burgos,Spain,170183,-3.6799669,42.3503982
Čačak,Serbia,170000,20.330118,43.8897357
Dijon,France,169946,5.0300183,47.3304043
Nîmes,France,169547,4.3500081,43.8303854
Arad,Romania,169065,21.31998,46.17001
Baranavichy,Belarus,168772,26.0134403,53.1368457
Würzburg,Germany,168561,9.950028,49.8004344
Volgodonsk,Russia,167731,42.1599483,47.5099799
Oldenburg,Germany,167458,8.2200044,53.1299986
Novocherkassk,Russia,166974,40.0800236,47.4199595
Reykjavík,Iceland,166212,-21.936546009025054,64.14345946317033
Parma,Italy,166011,10.3200313,44.8104289
Elbasan,Albania,165010,20.0838281,41.1215068
Zenica,Bosnia and Herzegovina,164423,17.9199808,44.219974
Regensburg,Germany,164359,12.1200248,49.0204045
Pizen,Czechia,164180,13.3600008,49.740438
Patra,Greece,163360,21.7299808,38.2300037
Ingolstadt,Germany,163325,11.4499882,48.7704197
Mostar,Bosnia and Herzegovina,163067,17.8200386,43.3504922
Tartus,Syria,162980,35.8865841,34.8846345
Lecce,Italy,162582,18.1499926,40.3603904
Salamanca,Spain,162353,-5.6700004,40.9704049
York,United Kingdom,158947,-1.0721040586041342,53.9511680622694
Samarra,Iraq,158508,43.8750006,34.193997
Maykop,Russia,158451,40.1200211,44.609976
Odense,Denmark,158222,10.3833349,55.4003768
Albacete,Spain,158094,-1.8699998,39.0003443
Melitopol,Ukraine,158000,35.3774682,46.8378245
Tiraspol,Moldova,157000,29.639989,46.8530949
Afyon,Turkey,156992,30.5500109,38.7503854
Zonguldak,Turkey,156918,31.7800134,41.4303768
Livorno,Italy,156274,10.3022747,43.5511337
Shkodër,Albania,155767,19.5188496,42.0684516
Sibiu,Romania,155565,24.1371207,45.7971129
Batumi,Georgia,155542,41.6300065,41.6000047
Barysaw,Belarus,155389,28.4921521,54.226004
Innsbruck,Austria,155214,11.4099906,47.2804073
Foggia,Italy,155203,15.5599698,41.4604783
Ordu,Turkey,155117,37.8699259,41.0004289
Antakya,Turkey,154803,36.1166766,36.2333341
Kovrov,Russia,154224,41.3300248,56.3603699
Lemosos,Cyprus,154000,33.0333219,34.6754144
Uşak,Turkey,152862,29.4200024,38.6803638
Nusaybin,Turkey,152668,41.218352,37.0749837
Limoges,France,152199,1.2499906,45.8299791
Kerch,Russia,152195,36.4880981,45.3685085
Dundee,United Kingdom,151592,-3.0000084,56.470389
Bălți,Moldova,151355,27.9053145,47.7590861
Uzhgorod,Ukraine,150832,22.2500008,48.629989
M'sila,Algeria,150000,4.5450006,35.7000031
Tirgu Mures,Romania,149433,24.5578186,46.5582033
Perugia,Italy,149125,12.3899825,43.1103776
Gyumri,Armenia,148381,43.8474939,40.789434
Jijel,Algeria,148000,5.7660036,36.821997
Médéa,Algeria,147707,2.7700012,36.2704075
Kolomna,Russia,147690,38.7849605,55.0799829
Trondheim,Norway,147139,10.4166662,63.4166575
Aix-en-Provence,France,146821,5.4499926,43.5199909
Perpignan,France,146620,2.8999674,42.6999892
Brugge,Belgium,146469,3.2300248,51.2203736
Podgorica,Montenegro,145850,19.2663069,42.4659725
Biarritz,France,145348,-1.5615949,43.4732754
Brest,France,144899,-4.4950076,48.3904429
Qairouan,Tunisia,144522,10.099993,35.6803919
Le Mans,France,144515,0.2025815106620919,48.00439087635541
Tall Afar,Iraq,144465,42.4497497,36.3759825
Tuzla,Bosnia and Herzegovina,144334,18.6800378,44.5504706
Székesfehérvár,Hungary,144319,18.4080647,47.1946761
Huelva,Spain,144174,-6.9299494,37.2503736
Tizi-Ouzou,Algeria,144000,4.0461444,36.7117101
Ipswich,United Kingdom,143767,1.1699955,52.0703475
Logroño,Spain,143698,-2.4299915,42.470365
Stara Zagora,Bulgaria,143431,25.6227148,42.4231328
Amiens,France,143086,2.300004,49.9003766
Pyatigorsk,Russia,142865,43.0900207,44.0799567
Arzamas,Russia,142597,43.8000032,55.3999892
Durrës,Albania,142432,19.448208,41.3177997
Saïda,Algeria,142213,0.1400325,34.8403915
Arnhem,Netherlands,141674,5.9229996,51.987996
Melilla,Spain,141308,-2.9500114,35.3000016
Orekhovo-Zuevo,Russia,140247,38.9799873,55.8200153
Peterborough,United Kingdom,140141,-0.2484040303391689,52.567187150649296
Badajoz,Spain,140133,-6.9699728,38.8804291
Bordj Bou Arréridj,Algeria,140000,4.7646624,36.0777088
Bizerte,Tunisia,139843,9.8549951,37.2904228
Göttingen,Germany,139419,9.920004,51.5204328
Bremerhaven,Germany,137751,8.5799825,53.550438
Iraklio,Greece,137154,25.1304968,35.325013
Oulu,Finland,136752,25.4700109,64.9999976
Baia Mare,Romania,136553,23.5790669,47.659454
León,Spain,136227,-5.5700066,42.5799707
Győr,Hungary,136081,17.6300244,47.7003559
Serpukhov,Russia,135584,37.4300044,54.9303797
Orsha,Belarus,135206,30.4215433,54.5153146
Souk Ahras,Algeria,134947,7.9499951,36.2903805
Zakho,Iraq,134863,42.6872029,37.1445402
Ravenna,Italy,134631,12.2200187,44.4203752
's-Hertogenbosch,Netherlands,134520,5.3166605,51.6833371
Nevinnomyssk,Russia,134380,41.9500386,44.6200529
Šiauliai,Lithuania,133528,23.3250256,55.9386385
Uppsala,Sweden,133117,17.6399979,59.8600529
Kislovodsk,Russia,132771,42.7200175,43.9099671
Opole,Poland,131412,17.9313496,50.6849799
Murom,Russia,131287,42.0400073,55.5704181
Ferrara,Italy,130992,11.6099267,44.8504265
Novomoskovsk,Russia,130982,38.289305215312226,54.010714982644835
Buzău,Romania,130954,26.8065185,45.156506
Pinsk,Belarus,130777,26.0940555,52.1278634
Nikopol,Ukraine,130500,34.4062097,47.5665914
Tokat,Turkey,129702,36.5630045,40.3059962
Erzincan,Turkey,129407,39.4927726,39.7526498
Idlib,Syria,128840,36.6316552,35.9297048
Larissa,Greece,128758,22.4200162,39.6304092
Karabük,Turkey,128564,32.600015,41.2000033
Cambridge,United Kingdom,128488,0.1166231,52.2003913
Besançon,France,128426,6.0300089,47.229997
Al Hasakah,Syria,128100,40.7500085,36.4832886
Elbląg,Poland,127558,19.40319282719829,54.15391939807562
Panevežys,Lithuania,127405,24.3700264,55.7400202
Gafsa,Tunisia,126803,8.7800219,34.4204429
Edirne,Turkey,126470,26.5699955,41.6704397
Tarragona,Spain,126291,1.2499906,41.1203699
Leeuwarden,Netherlands,125778,5.7833573,53.2503788
Zlín,Czechia,124610,17.6500232,49.2304175
Lysychansk,Ukraine,124421,38.4273596,48.9204106
Drohobych,Ukraine,124269,23.4993819,49.344364
Siracusa,Italy,123657,15.2899605,37.0703587
Guelma,Algeria,123590,7.4279975,36.4660021
Maastricht,Netherlands,122378,5.6770025,50.8529971
Tekirdağ,Turkey,122287,27.5099898,40.9908688
Aalborg,Denmark,122219,9.9165934,57.0337138
Sassari,Italy,120729,8.5700089,40.7300061
Karaman,Turkey,120399,33.2150162,37.1815405
Manbij,Syria,120169,37.9563289,36.5266451
Larache,Morocco,120082,-6.1600222,35.2004212
Tetovo,North Macedonia,119132,20.9700789,42.0092304
Udine,Italy,119009,13.2400081,46.0700161
Pleven,Bulgaria,118675,24.6133707,43.4237693
Zielona Góra,Poland,118433,15.5000252,51.9504065
Berdyansk,Ukraine,118284,36.7868396,46.7568217
Ourense,Spain,118107,-7.8699954,42.3299601
Setúbal,Portugal,117974,-8.90001,38.5299595
Vyborg,Russia,117201,28.7549267,60.7038774
Jaén,Spain,116400,-3.7999854,37.7703935
Nizhyn,Ukraine,116288,31.8902909,51.0540788
Cherkessk,Russia,116224,42.0600061,44.290409
Yelets,Russia,115919,38.5000166,52.5800063
Nabeul,Tunisia,115149,10.7300321,36.4603443
Botoșani,Romania,114783,26.6596541,47.7484149
Kamyanets-Podilskyy,Ukraine,114658,26.5808992,48.684301
Maribor,Slovenia,114228,15.6500419,46.5404783
Siirt,Turkey,114034,41.9329986,37.9440001
Kecskemét,Hungary,113895,19.7000272,46.9000429
Bærum,Norway,113659,11.3472365,59.9134861
Exeter,United Kingdom,113118,-3.5299502,50.7004053
Satu Mare,Romania,112490,22.8850025,47.7919982
Mazyr,Belarus,112137,29.2721561,52.0459562
Zwolle,Netherlands,111805,6.0969965,52.5240001
Daugavpils,Latvia,111564,26.5099991,55.8799599
Algeciras,Spain,111027,-5.4526598397379855,36.131881591291716
Volos,Greece,110632,22.9500097,39.3699599
Bouïra,Algeria,110144,3.9000097,36.3804783
Bataysk,Russia,109962,39.7448502,47.1368244
Szombathely,Hungary,109518,16.6287418,47.2253461
Szolnok,Hungary,109261,20.1793778,47.1863562
Sergiyev Posad,Russia,109252,38.1700109,56.33001
Kaposvár,Hungary,108528,17.7999882,46.3670264
Mascara,Algeria,108230,0.1400325,35.400409
Barletta,Italy,107830,16.270004,41.319996
Trento,Italy,107808,11.1199825,46.0804289
Rimnicu Vilcea,Romania,107558,24.3829986,45.109998
Koszalin,Poland,107450,16.1833333,54.2
Obninsk,Russia,107392,36.620028,55.080448
Luxembourg,Luxembourg,107260,6.1300028,49.6116604
Västerås,Sweden,107194,16.5576798129634,59.60908375716462
Pardubice,Czechia,107064,15.7600093,50.0404197
Elista,Russia,106971,44.2087121,46.3286566
Coimbra,Portugal,106582,-8.4166803,40.2003744
Drobeta-Turnu Severin,Romania,106578,22.6658927,44.6458911
Namur,Belgium,106284,4.870028,50.4703935
Suceava,Romania,105796,26.2593168,47.6376982
Annecy,France,105749,6.1166703,45.8999748
Lugano,Switzerland,105388,8.9666772,46.0003821
Yevpatoriya,Russia,105223,33.3630692,45.1968911
Pec,Kosovo,105163,20.3107393,42.6603276
Focșani,Romania,105112,27.186547,45.6965505
Cottbus,Germany,105067,14.3299674,51.7704175
Prijedor,Bosnia and Herzegovina,104858,16.7000036,44.9803927
Jena,Germany,104712,11.5800061,50.9304429
Gera,Germany,104659,12.070002,50.8703691
Brindisi,Italy,104437,17.9300061,40.6403475
Al Qamishli,Syria,104107,41.2299792,37.0300252
Konotop,Ukraine,103547,33.2090218,51.2423877
Velikiye Luki,Russia,103149,30.5200386,56.3199589
Piatra-Neamt,Romania,102688,26.3829966,46.9400041
Grudziądz,Poland,102443,18.7500077,53.4803906
Liberec,Czechia,102175,15.0799991,50.7999599
Maladzyechna,Belarus,101300,26.8653263,54.3187891
Olomouc,Czechia,101268,17.256795794370266,49.58666133426005
Vanadzor,Armenia,101098,44.4882816,40.8127659
Tartu,Estonia,101092,26.7098836,58.3839415
Novara,Italy,100910,8.61998,45.4500023
Oum el Bouaghi,Algeria,100821,7.1499965,35.8499972
Ancona,Italy,100507,13.4999406,43.6003736
Lida,Belarus,100216,25.2846476,53.8884794
Subotica,Serbia,100000,19.6800284,46.0700161
Novoshakhtinsk,Russia,99478,39.9199816,47.7699898
Tuapse,Russia,99145,39.064375,44.1147608
Giresun,Turkey,98864,38.3900045,40.9130011
České Budějovice,Czechia,98851,14.460037,48.9800193
Lahti,Finland,98826,25.6649344,60.9938597
Örebro,Sweden,98573,15.2199906,59.2803467
Jyväskylä,Finland,98136,25.7499939,62.2603457
Balashov,Russia,98107,43.1630912,51.5535057
Flensburg,Germany,97930,9.4333154,54.7837478
Zheleznogorsk,Russia,97900,35.4043916,52.3547746
Slavonski Brod,Croatia,97718,18.0155822,45.1602783
L'Ariana,Tunisia,97687,10.1999975,36.8666732
Bafra,Turkey,97452,35.9068933,41.568172
Târgu Jiu,Romania,97179,23.2740006,45.045
Shostka,Ukraine,96825,33.4796512,51.8734086
Linköping,Sweden,96732,15.6299397,58.4100122
Schwerin,Germany,96641,11.4166986,53.6333041
Bolu,Turkey,96629,31.6061222,40.736259
Sliven,Bulgaria,96368,26.3300101,42.6793703
Bolzano,Italy,95895,11.3600195,46.5004291
Catanzaro,Italy,95251,16.6000097,38.9003762
Hradec Králové,Czechia,95195,15.8120015,50.2059962
Osijek,Croatia,95077,18.6800378,45.5503837
Dobrich,Bulgaria,94831,27.8399955,43.5850515
Prešov,Slovakia,94718,21.2393648,48.9997339
Kırşehir,Turkey,94336,34.1710026,39.1419992
Usti Nad Labem,Czechia,94105,14.0810046,50.6629982
Samandagi,Turkey,93638,35.9332999,36.1170577
Michurinsk,Russia,93499,40.4999979,52.8999868
Nazran,Russia,93357,44.7830015,43.2330031
Polatlı,Turkey,93262,32.1472261,39.5841588
Bath,United Kingdom,93238,-2.3500222,51.3837486
Kineshma,Russia,92983,42.129976,57.4699662
Rosenheim,Germany,92809,12.1333056,47.8503467
Tulcea,Romania,92475,28.7966813,45.1993457
Santiago de Compostela,Spain,92430,-8.5410914,42.882898
Calais,France,92201,1.8333142,50.9504159
Ereğli,Turkey,92117,34.0516577,37.5062752
Kuopio,Finland,91900,27.6949397,62.8942863
Arezzo,Italy,91589,11.8749751,43.4617257
Helsingborg,Sweden,91304,12.723269742553532,56.041291180968074
Mons,Belgium,91277,3.9390036,50.4459991
Niğde,Turkey,91039,34.6940016,37.9760041
Lüleburgaz,Turkey,90899,27.3552189,41.4066573
Drammen,Norway,90722,10.199231839963424,59.738481129257444
Klagenfurt,Austria,90610,14.3100203,46.6203443
Gatchina,Russia,90486,30.1333439,59.5706649
Limerick,Ireland,90054,-8.6230502,52.664704
Yegoryevsk,Russia,89795,39.02939,55.3847964
Jönköping,Sweden,89780,14.1650162,57.7713432
Vlorë,Albania,89546,19.4982308,40.47736
Chester,United Kingdom,89531,-2.9029645759748974,53.18632509137432
Norrköping,Sweden,88639,16.1786918,58.5954273
Brovary,Ukraine,88506,30.7809012,50.4943197
Târgoviște,Romania,88435,25.4590025,44.9379991
Yozgat,Turkey,87881,34.8149975,39.8179981
Madinat ath Thawrah,Syria,87880,38.5480757,35.8366614
Ağrı,Turkey,87854,43.0513151,39.7198352
Yeysk,Russia,87814,38.2633903,46.6987891
Çanakkale,Turkey,87791,26.4063879,40.1459332
Uman,Ukraine,87658,30.2109102,48.7542967
Žilina,Slovakia,87625,18.7493876,49.2198238
Shumen,Bulgaria,87283,26.9293534,43.2700061
Bitola,North Macedonia,86528,21.3395137,41.039057
Ioanina,Greece,86304,20.8508614,39.6679004
Lorca,Spain,86119,-1.6985116,37.6885639
Shchekino,Russia,86088,37.5142887,54.0143374
Poitier,France,85960,0.3332765,46.5832923
Versailles,France,85416,2.1333475,48.8004696
Liepaga,Latvia,85132,21.0100248,56.5099732
Lorient,France,84952,-3.3665752,47.7504045
Londonderry/Derry,United Kingdom,83652,-7.3332839,55.0003754
Reșița,Romania,83324,21.8865087,45.2969625
Izmayil,Ukraine,83194,28.8373506,45.3503443
Amasya,Turkey,82896,35.8330476,40.65368
Wiener Neustadt,Austria,82762,16.2499536,47.8159819
Muş,Turkey,82536,41.4969397,38.7490159
Pernik,Bulgaria,82467,23.0227185,42.6099947
Gießen,Germany,82358,8.650004,50.5837199
Banská Bystrica,Slovakia,82336,19.1499833,48.7332902
Kilis,Turkey,82301,37.1199975,36.7204059
Fier,Albania,82297,19.5730026,40.730004
Polatsk,Belarus,82258,28.7859843,55.4893895
Qasserine,Tunisia,81987,8.829993,35.1803965
Sukhumi,Georgia,81546,41.0200179,43.0200214
Béziers,France,81438,3.2099743,43.3504922
Bistrița,Romania,81318,24.5130036,47.1380041
Abu Kamal,Syria,80808,40.9186287,34.4504153
Klin,Russia,80778,36.6987312,56.3430583
Bingöl,Turkey,80568,40.4980026,38.885004
Khaskovo,Bulgaria,79699,25.5632869,41.9437822
Kropotkin,Russia,79599,40.5821118,45.4470825
Yalta,Russia,79509,34.159403,44.4993109
Inowrocław,Poland,79007,18.2499865,52.7799424
Slatina,Romania,78988,24.3710016,44.4349981
Kupyansk,Ukraine,78870,37.5980562,49.7217829
Hania,Greece,78728,24.0155778,35.5122109
Biel,Switzerland,78708,7.2500378,47.16659
Ceuta,Spain,78674,-5.3069994,35.8889838
Umeå,Sweden,78197,20.2399943,63.8299915
Marsala,Italy,77784,12.4386617,37.8054043
Hakkâri,Turkey,77699,43.7408337,37.5744365
Kars,Turkey,77486,43.0974621,40.6084632
Söke,Turkey,77341,27.4102543,37.7512215
La Rochelle,France,76997,-1.1499921,46.166651
Pori,Finland,76772,21.7749393,61.4788947
Kasserine,Tunisia,76243,8.7166985,35.2167031
Kamensk Shakhtinskiy,Russia,75814,40.251796,48.3317643
Galway,Ireland,75594,-9.0488123,53.272393
Nevşehir,Turkey,75527,34.7239985,38.624004
Agrinio,Greece,75233,21.4077266,38.6217627
Greenock,United Kingdom,74635,-4.7500308,55.93329
Toledo,Spain,74632,-4.0167164,39.8670355
Karlstad,Sweden,74141,13.4999406,59.3671373
Sundsvall,Sweden,73389,17.3166585,62.4000529
Skien,Norway,73330,9.6000236,59.1999898
Roanne,France,73315,4.0666662,46.0333258
Călărași,Romania,73224,27.3259183,44.2062797
Tatvan,Turkey,73222,42.2815946,38.5065759
Korosten,Ukraine,72984,28.6500236,50.9504159
Guadalajara,Spain,72850,-3.1665874,40.6337071
Georgievsk,Russia,72649,43.4699458,44.1599001
Carlisle,United Kingdom,72633,-2.9299868,54.8799951
Bourges,France,72340,2.3999979,47.0837268
Esbjerg,Denmark,72205,8.4500162,55.4670394
Chalkida,Greece,71842,23.6123982,38.4639946
Kalamata,Greece,71823,22.1141951,37.0389136
Vratsa,Bulgaria,71633,23.5625305,43.2099839
Monastir,Tunisia,71546,10.7672946,35.7307021
Çankırı,Turkey,71379,33.6210036,40.607001
Mardin,Turkey,71373,40.7427221,37.3115068
Kovel,Ukraine,71301,24.7166202,51.2170663
Asti,Italy,71276,8.2099792,44.9299823
Zadar,Croatia,71258,15.2622619,44.1201351
Saint Gallen,Switzerland,70572,9.3619986,47.4229981
Scarborough,United Kingdom,70571,-0.4299844,54.2803935
Tatabánya,Hungary,70541,18.4329996,47.5499972
Kastamonu,Turkey,70402,33.7830035,41.3890022
Trnava,Slovakia,69785,17.6000004,48.3665943
Ouezzane,Morocco,69658,-5.5700066,34.8103416
Vaslui,Romania,69225,27.7333386,46.6333291
Hasselt,Belgium,69222,5.338536386219118,50.92883816466403
Giurgiu,Romania,69067,25.96632527518501,43.90180698686904
Potenza,Italy,69060,15.7989965,40.6420021
Ayr,United Kingdom,69042,-4.6166797,55.4503996
Ragusa,Italy,68956,14.7299947,36.9300314
Gävle,Sweden,68635,17.1666418,60.6669804
Borisoglebsk,Russia,68597,42.0887382,51.3687108
L'Aquila,Italy,68503,13.3900248,42.3503982
Deva,Romania,67802,22.9166736,45.883323
Jelgava,Latvia,67207,23.7128055,56.6527035
Narva,Estonia,66980,28.160286,59.3776276
Apatity,Russia,66907,33.3930415,67.5730705
Aleksin,Russia,66885,37.094366,54.5143327
Klintsy,Russia,66336,32.2448429,52.7652405
Burdur,Turkey,66158,30.2833355,37.7166601
Alba Lulia,Romania,66085,23.5800006,46.0770031
Békéscsaba,Hungary,65206,21.1010046,46.6720021
Borås,Sweden,65008,12.939247443030592,57.717756121714984
Tikhoretsk,Russia,64387,40.1377461,45.8531043
Arras,France,64165,2.7833337,50.2833248
Zrenjanin,Serbia,64053,20.3994677,45.3786371
Kristiansand,Norway,63814,7.9749838798265404,58.14561960901902
Rzhev,Russia,63414,34.3274548,56.2574046
Cahul,Moldova,63407,28.1944441,45.9078813
Zalău,Romania,63232,23.0630045,47.1750031
Balakhna,Russia,63083,43.5943827,56.494341
Bitlis,Turkey,62811,42.1229976,38.3940001
Assen,Netherlands,62237,6.5500026,53.0000011
Tikhvin,Russia,62075,33.5143778,59.6448464
Veszprém,Hungary,62023,17.9109996,47.0909971
Labinsk,Russia,61945,40.7442724,44.6347807
Zalaegerszeg,Hungary,61898,16.8399996,46.844001
Benevento,Italy,61791,14.7499934,41.1337024
Troyes,France,61703,4.0833577,48.3403943
Vyska,Russia,61664,42.1643925,55.3247225
Pula,Croatia,61599,13.8480847,44.8687199
Stralsund,Germany,61368,13.1000166,54.3004181
Civitavecchia,Italy,61316,11.7999926,42.1004134
Portimão,Portugal,61226,-8.533314,37.1337398
Coburg,Germany,61054,10.9666068,50.2666075
Salsk,Russia,61000,41.5420015,46.4775106
Cherbourg,France,60991,-1.6499874,49.6503919
Shuya,Russia,60705,41.3642863,56.8543449
Sfintu-Gheorghe,Romania,60677,25.7930015,45.8679961
Crotone,Italy,60010,17.123337,39.0833366
Linares,Spain,59761,-3.6333547,38.0833201
Växjö,Sweden,59600,14.8167077,56.8836971
Béja,Tunisia,59567,9.1900227,36.7304053
Lappeenranta,Finland,59276,28.1833337,61.0670593
Kavala,Greece,59240,24.4017604,40.9412111
Mikhaylovka,Russia,58898,43.2174548,50.0678599
Solnechnogorsk,Russia,58891,36.9808846,56.1806909
Korçë,Albania,58259,20.7666635,40.616676
Agen,France,58223,0.6333357,44.2004144
Kırklareli,Turkey,58223,27.2259996,41.7429992
Borovichi,Russia,57887,33.8974035,58.3978166
Vaasa,Finland,57014,21.6000146,63.0999844
Roslavl,Russia,56971,32.8604126,53.9509046
Rodos,Greece,56969,28.2225044,36.441224
Eger,Hungary,56647,20.3830026,47.8950031
Tikrit,Iraq,56591,43.6769616,34.5970471
Hof,Germany,56153,11.916678,50.3170437
Seres,Greece,55886,23.5497147,41.0859792
Ełk,Poland,55769,22.3499947,53.8337024
Halmstad,Sweden,55657,12.8555871,56.6717721
Évora,Portugal,55620,-7.9059956,38.5599961
Gelendzhik,Russia,55508,38.0643843,44.5747585
Vyazma,Russia,55500,34.2917981,55.2121971
Brive,France,55448,1.5333325,45.1504081
Tadmur,Syria,55111,38.2833374,34.5504092
Karlovac,Croatia,55063,15.5477742,45.4872093
Tarbes,France,54854,0.0833435,43.23329
Ajaccio,France,54364,8.7282938,41.9270648
Aveiro,Portugal,54162,-8.6509975,40.6410031
Illichivsk,Ukraine,54102,30.666593,46.3000021
Andorra,Andorra,53998,1.5265942551654812,42.5107534941671
Jihlava,Czechia,53921,15.5833276,49.4003813
Severomorsk,Russia,53921,33.4230656,69.0730565
Vyshnniy Volochek,Russia,53800,34.5630993,57.5830343
Joensuu,Finland,53388,29.7666479,62.599989
Katerini,Greece,53293,22.5024918,40.2723338
St.-Brieuc,France,53223,-2.7833033,48.5166626
Turnovo,Bulgaria,53115,25.6555293,43.0862447
Alexandroupoli,Greece,52979,25.8744098,40.8486194
Livny,Russia,52915,37.6043607,52.4247962
Slobozia,Romania,52693,27.3819966,44.5699981
Siena,Italy,52625,11.3499943,43.3170317
Tromsø,Norway,52436,18.9920252,69.6350762
Mérida,Spain,52423,-6.3379975,38.912004
Kimry,Russia,52070,37.3443766,56.8691244
Emden,Germany,51526,7.2166548,53.3666767
Jendouba,Tunisia,51408,8.7499986,36.5000041
Vejle,Denmark,51177,9.5349965,55.709001
Kyustendil,Bulgaria,51067,22.6911108,42.2842782
Campobasso,Italy,50762,14.6559966,41.5629991
Xanthi,Greece,50570,24.8835868,41.1417898
Passau,Germany,50560,13.4411788,48.5754623
Ad Nabk,Syria,50178,36.7333028,34.0170309
Monchegorsk,Russia,49868,32.8287349,67.9291211
Morshansk,Russia,49350,41.8043628,53.4547333
Alexandria,Romania,49346,25.329884897537326,43.97437013604364
Ruzayevka,Russia,49311,44.924379,54.0643343
Waterford,Ireland,49275,-7.1119279,52.2582947
Larnaka,Cyprus,48947,33.6359976,34.9170031
Luleå,Sweden,48638,22.1583783,65.5966348
Torzhok,Russia,48546,34.9787329,57.0290629
Muğla,Turkey,48183,28.3638912,37.2163705
Belaya Kalitva,Russia,48098,40.7861303,48.1865019
El Kef,Tunisia,47979,8.7147546,36.1826351
Ålesund,Norway,47772,6.263280014851641,62.45979913939814
Mtsensk,Russia,47609,36.5471643,53.2647449
Montana,Bulgaria,47445,23.2370016,43.414002
Gryazi,Russia,47413,39.9343477,52.4947661
Hämeenlinna,Finland,47261,24.4719995,60.9969961
Lamia,Greece,47246,22.4340036,38.8989992
Poti,Georgia,47149,41.671606,42.1556555
Sandnes,Norway,46911,5.6900297,58.845412
Berat,Albania,46866,19.9719996,40.709997
Kokkola,Finland,46714,23.1166662,63.8332988
Safonovo,Russia,46637,33.2161014,55.1464905
Mikkeli,Finland,46550,27.2850035,61.6899962
Middelburg,Netherlands,46485,3.6099995,51.5019962
Östersund,Sweden,46178,14.6499996,63.1833126
Kohtla-Järve,Estonia,46060,27.283337,59.3999776
Mahdia,Tunisia,45977,11.0408766,35.483913
Nevers,France,45929,3.1666695,46.9837329
Apsheronsk,Russia,45876,39.7287272,44.4687185
Mozdok,Russia,45702,44.6543697,43.7543176
Volkhov,Russia,45673,32.338739,59.9290926
Komatini,Greece,45631,25.4167026,41.1333031
Yefremov,Russia,45497,38.1215385,53.1491189
Olbia,Italy,45366,9.5150719,40.9142849
Shebekino,Russia,45194,36.8943782,50.4143504
Chernyakhovsk,Russia,45187,21.8108545,54.6316382
Inverness,United Kingdom,45158,-4.2332664,57.467124
Leiria,Portugal,45112,-8.8049965,39.738996
Trollhättan,Sweden,44543,12.2999621,58.2671011
Zvolen,Slovakia,44502,19.1332401,48.5837386
Roskilde,Denmark,44285,12.0833345,55.649974
Pärnu,Estonia,44192,24.5135835,58.3747431
Timashevsk,Russia,44024,38.9443823,45.6247461
Voznesensk,Ukraine,43996,31.3333223,47.550365
Dzhankoy,Russia,43879,34.4000085,45.7170402
Novozybkov,Russia,43534,31.9448612,52.5348153
Sovetsk,Russia,43309,21.8819612,55.0717664
Vichy,France,43158,3.4166801,46.117145
Ventspils,Latvia,42884,21.5605855,57.3898678
Famagusta,Northern Cyprus,42526,33.9500101,35.1250252
Dieppe,France,42461,1.0833341,49.9337337
Lovec,Bulgaria,42211,24.7190046,43.1379991
Sokol,Russia,42174,40.1143884,59.4647799
Sdid Bouzid,Tunisia,42098,9.5000045,35.0166961
Miercurea Cuic,Romania,42029,25.5240005,46.3609981
Uryupinsk,Russia,41644,42.0030586,50.7734499
Auxerre,France,41516,3.5665934,47.8004273
Lushnjë,Albania,41469,19.7160035,40.9400011
Faro,Portugal,41355,-7.9332732,37.0170803
Zelenokumsk,Russia,41306,43.8787064,44.4091097
Bastia,France,41001,9.4500069,42.7031673
Frolovo,Russia,40882,43.6517952,49.7721932
Haugesund,Norway,40321,5.2774967,59.4119149
Bilecik,Turkey,40285,29.9829966,40.149999
Luga,Russia,40114,29.8389949,58.7363489
Pogradec,Albania,40000,20.6640006,40.8999961
Alekseyevka,Russia,39848,38.6930798,50.6534831
Perth,United Kingdom,39654,-3.4363752200061097,56.3926089503458
Salgótarján,Hungary,39640,19.8260016,48.1050001
Bogoroditsk,Russia,39553,38.1143554,53.7746879
Borlänge,Sweden,39422,15.4166711,60.4833224
Kirov,Russia,39319,34.3048205,54.0851858
Vichuga,Russia,39071,41.9287479,57.2191288
Tønsberg,Norway,38914,10.4210015,59.2640011
Dundalk,Ireland,38884,-6.395592071318646,53.99979607515591
Millerovo,Russia,38527,40.3974202,48.9378514
Kerkira,Greece,38517,19.9147428,39.615423
Tskhinvali,Georgia,38502,43.9750313,42.2324984
Rēzekne,Latvia,38340,27.3165649,56.5000255
Chur,Switzerland,38293,9.5000297,46.8500202
Razgrad,Bulgaria,38285,26.5359966,43.533999
Kandalaksha,Russia,38126,32.4143933,67.1643358
Uglich,Russia,37732,38.3300012,57.5243557
Šibenik,Croatia,37112,15.9058333,43.7272222
Dubrovnik,Croatia,36994,18.0913916,42.6609477
Moss,Norway,36901,10.6691573,59.436978
Kasimov,Russia,36663,41.39307,54.9434538
Serdobsk,Russia,36652,44.2217863,52.4621841
Drogheda,Ireland,36533,-6.350462402562247,53.70888678916407
Falun,Sweden,36477,15.6470046,60.613002
Dover,United Kingdom,36384,1.3000134,51.1337122
Monaco,Monaco,36371,7.4069132,43.7396457
Vaduz,Liechtenstein,36281,9.5166695,47.1337238
Slantsy,Russia,36209,28.0746582,59.1115973
Blagodarnyy,Russia,35995,43.4343925,45.1047262
Paphos,Cyprus,35961,32.4224567,34.7559152
Valuyki,Russia,35887,38.0986975,50.2090916
Douglas,Isle of Man,35854,-4.480269097598402,54.14912168202999
Beja,Portugal,35854,-7.8630024,38.0140021
Vác,Hungary,35293,19.1332401,47.7836583
Karlskrona,Sweden,35212,15.590754198529854,56.1627806414939
Kalmar,Sweden,35024,16.3665873,56.6670178
Sinop,Turkey,34834,35.1530015,42.022998
Viborg,Denmark,34831,9.3999841,56.433337
Rovaniemi,Finland,34781,25.7159391,66.5000352
Bezhetsk,Russia,34736,36.6899979,57.7647286
Bragança,Portugal,34375,-6.7550034,41.807997
Kondopoga,Russia,34360,34.2886975,62.2087209
Staraya Russa,Russia,34303,31.3543546,57.9947663
Szekszárd,Hungary,34174,18.7129986,46.3439971
Bodø,Norway,34073,14.4292849,67.2764346
Aosta,Italy,34062,7.3150026,45.7370011
Vibo Valentia,Italy,33957,16.1000402,38.666592
Schaffhausen,Switzerland,33863,8.6329985,47.7060031
Rostov,Russia,33803,39.4043025,57.1891565
Dyatkovo,Russia,33527,34.3391853,53.5891437
Castelo Branco,Portugal,33479,-7.4879996,39.8109961
Segezha,Russia,33354,34.3243025,63.7547764
Kotovsk,Russia,33077,41.5043811,52.5947341
Fribourg,Switzerland,32827,7.1499965,46.8000001
Artvin,Turkey,32272,41.8179965,41.1830011
Gümüşhane,Turkey,32250,39.4839996,40.4640001
Kristianstad,Sweden,32188,14.1332869,56.0336715
Guarda,Portugal,32111,-7.2620005,40.5410041
Izaz,Syria,31534,37.0440848,36.588786
Sasovo,Russia,31325,41.9086975,54.349149
Skellefteå,Sweden,31311,20.9500284,64.7720787
Neuchâtel,Switzerland,31270,6.9229986,46.9989991
Kouvola,Finland,31133,26.7090035,60.8760001
Dumfries,United Kingdom,31044,-3.5500007,55.0670897
Arendal,Norway,30916,8.7660006,58.4647561
Svetogorsk,Russia,30115,28.9176558,61.1013208
Kirovsk,Russia,29605,33.6687353,67.609089
San Marino,San Marino,29579,12.4417702,43.9360958
Hamar,Norway,29479,11.0690016,60.8200021
Santarém,Portugal,29385,-8.6820026,39.2310001
Mitilini,Greece,29328,26.5546476,39.1104151
Svendborg,Denmark,29180,10.616654,55.0704228
Tunceli,Turkey,29062,39.5333015,39.1167
Tripoli,Greece,28970,22.3793986,37.5091433
Hillerød,Denmark,28313,12.3166985,55.9332991
Sion,Switzerland,28045,7.3539995,46.239003
Örnsköldsvik,Sweden,27749,18.7166764,63.3180072
Nyköping,Sweden,27582,16.996082309454142,58.75198993360234
Atkarsk,Russia,27554,44.9961059,51.8764575
Savonlinna,Finland,27353,28.8833427,61.8666229
Siliana,Tunisia,26960,9.3833016,36.0833041
Bregenz,Austria,26928,9.7667016,47.5166971
Hios,Greece,26891,26.1358101,38.3681089
Kyrenia,Northern Cyprus,26701,33.3330036,35.3259991
Buy,Russia,26486,41.5243798,58.4846847
Tralee,Ireland,26384,-9.7166527,52.2666921
Viseu,Portugal,26364,-7.9100004,40.6569961
Velsk,Russia,26300,42.0974198,61.0673952
Arlon,Belgium,26179,5.8167005,49.6833031
Nelidovo,Russia,25349,32.7730794,56.2235049
Bologoye,Russia,25142,34.051761,57.8721639
Covilhã,Portugal,24828,-7.4999921,40.2833409
Frederikshavn,Denmark,24103,10.5332999,57.4336894
Lgov,Russia,23500,35.2743737,51.6947632
Gjirokastër,Albania,23437,20.1490026,40.0789981
Zug,Switzerland,23435,8.4870006,47.178999
Dubăsari,Moldova,23254,29.1608333,47.2630556
Gjøvik,Norway,22719,10.7000081,60.8000214
Onega,Russia,22693,38.0771484,63.9271432
Kemi,Finland,22641,24.5816931,65.733312
Visby,Sweden,22593,18.3000093,57.6336513
Pirgos,Greece,22399,21.4499979,37.6837321
Frauenfeld,Switzerland,21979,8.904888469310368,47.55261942265613
Vannersborg,Sweden,21835,12.3300006,58.3630021
Kilkenny,Ireland,21589,-7.2522553,52.6545496
Krujë,Albania,21286,19.7970036,41.5189982
Omagh,United Kingdom,21056,-7.3000043,54.6000122
Penzance,United Kingdom,20812,-5.5500336,50.1337215
Artashat,Armenia,20562,44.5505556,39.9538889
Mo i Rana,Norway,20409,14.1666699,66.3166097
Viljandi,Estonia,20309,25.59,58.3638889
Sligo,Ireland,20228,-8.4833171,54.267061
Narvik,Norway,20000,17.2899934,68.3831502
Lillehammer,Norway,19542,10.5000203,61.1332827
Harstad,Norway,19433,16.5155704,68.7879059
Kos,Greece,19244,27.2888147,36.8937287
Polyarnyy,Russia,19200,33.4502474,69.2052189
Ashtarak,Armenia,18779,44.3591667,40.3016667
Lezhë,Albania,18695,19.6540025,41.7879991
Molde,Norway,18594,7.1833235,62.7483004
Kiruna,Sweden,18154,20.2166365,67.8500045
Kirsanov,Russia,17975,42.7174336,52.6573918
Kukës,Albania,17832,20.4339965,42.0830011
Härnösand,Sweden,17016,17.9340036,62.633997
Vila Real,Portugal,17001,-7.7370025,41.2939981
Zaghouan,Tunisia,16911,10.1469966,36.3999962
Bellinzona,Switzerland,16572,9.0199986,46.1970001
Akureyri,Iceland,16563,-18.1000169,65.6665719
Kamenka,Russia,16560,44.0443811,53.1947233
Sparti,Greece,16187,22.4296797,37.0737177
Nikel,Russia,15866,30.2188167,69.4125706
Portalegre,Portugal,15581,-7.4230015,39.2900041
Viana Do Castelo,Portugal,15555,-8.8441375,41.6962351
Aarau,Switzerland,15501,8.0340036,47.3900041
Herisau,Switzerland,15438,9.2833025,47.383299
Burrel,Albania,15405,20.0160005,41.6259991
Sarandë,Albania,15147,19.9999986,39.8770021
Mariestad,Sweden,14891,13.8279966,58.7050021
Solothurn,Switzerland,14853,7.5369966,47.2120021
Peshkopi,Albania,14848,20.4333035,41.6833021
Tórshavn,Faroe Islands,14398,-6.8200336,62.0300238
Schwyz,Switzerland,14177,8.6480016,47.019996
Çorovodë,Albania,14046,20.2332966,40.516704
Kem,Russia,13829,34.5683703,64.9535921
Bollnäs,Sweden,13398,16.3665873,61.3520032
Eisenstadt,Austria,13165,16.5332975,47.8332991
Lisburn,United Kingdom,12899,-6.047722990732365,54.51034008127803
Liestal,Switzerland,12832,7.7370035,47.4830011
Librazhd,Albania,12691,20.3667036,41.2000021
Ermoupoli,Greece,12260,24.9332995,37.450413
Porvoo,Finland,12242,25.6660197,60.4003559
Belomorsk,Russia,12165,34.765826,64.5252204
Alta,Norway,12077,23.2416715,69.9666453
Tepelenë,Albania,11955,20.0332985,40.2832981
Killarney,Ireland,11902,-9.5166649,52.0504004
Haapsalu,Estonia,11805,23.5413889,58.9430556
Gramsh,Albania,11556,20.1999965,40.866696
Delémont,Switzerland,11315,7.3449995,47.3699971
Steinkjer,Norway,11274,11.5000109,64.0170602
Përmet,Albania,10686,20.3519976,40.233996
Mariehamn,Aland,10682,19.9490045,60.0969962
Rrëshen,Albania,10064,19.8167046,41.7833011
Hammerfest,Norway,10000,23.6880009,70.6612799
Fort William,United Kingdom,9652,-5.1120758,56.8164779
Sarnen,Switzerland,9410,8.2430015,46.899
Namsos,Norway,9035,11.5000109,64.4833108
Sodankylä,Finland,8942,26.6000195,67.4170593
Kemijärvi,Finland,8883,27.4166621,66.6666659
Sitia,Greece,8833,26.0985514,35.2004212
Shannon,Ireland,8781,-8.8641466,52.7038489
Altdorf,Switzerland,8678,8.6380026,46.8790021
Kirkwall,United Kingdom,8500,-2.9500114,58.9669808
Bajram Curri,Albania,7967,20.0833026,42.3333001
Keflavík,Iceland,7930,-22.5665918,64.0166467
Ersekë,Albania,7890,20.6832965,40.3333021
Stans,Switzerland,7475,8.3833025,46.9500031
Sorø,Denmark,7167,11.5667016,55.4329981
Wick,United Kingdom,7147,-3.0833625,58.4332925
Lerwick,United Kingdom,6594,-1.1499921,60.1500352
Pukë,Albania,6495,19.8833045,42.033303
Selfoss,Iceland,6275,-20.996946,63.9334219
Diekirch,Luxembourg,6242,6.1667016,49.8833011
Umba,Russia,6128,34.3455415,66.6813937
Muineachan,Ireland,5937,-6.9666667,54.25
Glarus,Switzerland,5681,9.0666996,47.050002
Appenzell,Switzerland,5649,9.4167005,47.3333041
Vossavangen,Norway,5571,6.4410035,60.6300032
Polygyros,Greece,5258,23.4530015,40.3810021
Vadsø,Norway,5139,29.7657493,70.0965968
Ros Comain,Ireland,4860,-8.1833333,53.6333333
Klaksvík,Faroe Islands,4664,-6.5390115,62.2374783
Svolvær,Norway,4197,14.5666971,68.2332886
Grevenmacher,Luxembourg,3958,6.425599376387133,49.67975296258291
Finnsnes,Norway,3907,18.0086059,69.2406173
Mezen,Russia,3672,44.240028,65.8522195
Kirkenes,Norway,3282,30.0516434,69.7250063
Sauðárkrókur,Iceland,2682,-19.6389928,65.746412
Rørvik,Norway,2615,11.2053003,64.868016
Ísafjörður,Iceland,2534,-23.1499671,66.0833165
Donegal,Ireland,2513,-8.1166728,54.6500092
Egilsstaðir,Iceland,2265,-14.3949976,65.2674231
Leikanger,Norway,1965,6.8499995,61.1832961
Borgarnes,Iceland,1783,-21.8623222,64.5695028
Höfn,Iceland,1695,-15.2138595,64.2723151
Vatican City,Vatican,832,12.4533865,41.9032822
Ittoqqortoormiit,Greenland,469,-21.9666543,70.483358
Shoyna,Russia,300,44.1333679,67.8666443
Gubkin,Russia,272,37.3843225,51.2743496
Kovda,Russia,20,32.8702311,66.690282
Chernobyl,Ukraine,0,30.0988757,51.3894072
