,Country Name,Country Code,Year,Access to electricity (% of population),"Access to electricity, rural (% of rural population)","Access to electricity, urban (% of urban population)",Agricultural land (% of land area),Agricultural land (sq. km),Alternative and nuclear energy (% of total energy use),Carbon dioxide (CO2) emissions (total) excluding LULUCF (% change from 1990),Carbon dioxide (CO2) emissions (total) excluding LULUCF (Mt CO2e),Carbon dioxide (CO2) emissions excluding LULUCF per capita (t CO2e/capita),Carbon dioxide (CO2) emissions from Agriculture (Mt CO2e),Carbon dioxide (CO2) emissions from Building (Energy) (Mt CO2e),Carbon dioxide (CO2) emissions from Fugitive Emissions (Energy) (Mt CO2e),Carbon dioxide (CO2) emissions from Industrial Combustion (Energy) (Mt CO2e),Carbon dioxide (CO2) emissions from Industrial Processes (Mt CO2e),Carbon dioxide (CO2) emissions from Power Industry (Energy) (Mt CO2e),Carbon dioxide (CO2) emissions from Transport (Energy) (Mt CO2e),Carbon dioxide (CO2) emissions from Waste (Mt CO2e),Carbon dioxide (CO2) net fluxes from LULUCF - Deforestation (Mt CO2e),Carbon dioxide (CO2) net fluxes from LULUCF - Forest Land (Mt CO2e),Carbon dioxide (CO2) net fluxes from LULUCF - Organic Soil (Mt CO2e),Carbon dioxide (CO2) net fluxes from LULUCF - Other Land (Mt CO2e),Carbon dioxide (CO2) net fluxes from LULUCF - Total excluding non-tropical fires (Mt CO2e),Electric power consumption (kWh per capita),Energy intensity level of primary energy (MJ/$2021 PPP GDP),Energy use (kg of oil equivalent per capita),F-gases emissions from Industrial Processes (Mt CO2e),Forest area (% of land area),Forest area (sq. km),Forest rents (% of GDP),Fossil fuel energy consumption (% of total),GDP growth (annual %),GDP per capita (current US$),GDP per capita growth (annual %),"GNI per capita, Atlas method (current US$)","Industry (including construction), value added (current US$)",Land area (sq. km),Methane (CH4) emissions (total) excluding LULUCF (Mt CO2e),Methane (CH4) emissions from Agriculture (Mt CO2e),Methane (CH4) emissions from Building (Energy) (Mt CO2e),Methane (CH4) emissions from Fugitive Emissions (Energy) (Mt CO2e),Methane (CH4) emissions from Industrial Combustion (Energy) (Mt CO2e),Methane (CH4) emissions from Industrial Processes (Mt CO2e),Methane (CH4) emissions from Power Industry (Energy) (Mt CO2e),Methane (CH4) emissions from Transport (Energy) (Mt CO2e),Methane (CH4) emissions from Waste (Mt CO2e),Nitrous oxide (N2O) emissions from Agriculture (Mt CO2e),Nitrous oxide (N2O) emissions from Building (Energy) (Mt CO2e),Nitrous oxide (N2O) emissions from Fugitive Emissions (Energy) (Mt CO2e),Nitrous oxide (N2O) emissions from Industrial Combustion (Energy) (Mt CO2e),Nitrous oxide (N2O) emissions from Industrial Processes (Mt CO2e),Nitrous oxide (N2O) emissions from Power Industry (Energy) (Mt CO2e),Nitrous oxide (N2O) emissions from Transport (Energy) (Mt CO2e),Nitrous oxide (N2O) emissions from Waste (Mt CO2e),Population density (people per sq. km of land area),Population in the largest city (% of urban population),Terrestrial and marine protected areas (% of total territorial area),Terrestrial protected areas (% of total land area),Total greenhouse gas emissions excluding LULUCF (Mt CO2e),Total greenhouse gas emissions excluding LULUCF per capita (t CO2e/capita),Total greenhouse gas emissions including LULUCF (Mt CO2e),Urban population,Urban population (% of total population),Urban population growth (annual %),GDP_per_capita_log
0,Albania,ALB,2017,99.9,99.7,100.0,42.8569708029197,11742.81,16.98,-19.3194985778995,5.3613,2.0244422333699,0.0542,0.7568,0.2694,1.0967,0.8698,0.0,2.3118,0.0026,3.5072,-2.1616,0.0,0.0,1.3456,2327.54405209409,2.64,894.466399568989,0.1369,28.7920620437956,7889.025,0.183422579574961,0.0,3.28317593330073,5006.36012951959,4.88935288088643,4700.0,3043214465.69555,27400.0,2.7294,1.9533,0.0561,0.2428,0.0022,0.0016,0.0,0.0051,0.4683,0.7586,0.0236,0.0005,0.0033,0.0453,0.0,0.0134,0.1222,96.6527372262774,31.4769409052308,13.5,17.7,9.1947,3.47194505123127,10.5403,1482517.0,55.980276426546,-0.814539434305938,8.518664134952077
1,Albania,ALB,2018,100.0,100.0,100.0,42.8496715328467,11740.81,31.74,-19.728822741569,5.3341,2.04549315439886,0.0465,0.7636,0.1622,1.2787,0.8732,0.0,2.2073,0.0027,3.5072,-2.1616,0.0,0.0,1.3456,2502.55681850864,2.53,904.739774695665,0.154,28.7919708029197,7889.0,0.140052548330499,0.0,3.67141928098908,5897.65452588774,5.28357949627288,5400.0,3653185141.24662,27400.0,2.7526,1.9102,0.0543,0.2989,0.0033,0.0029,0.0,0.0055,0.4775,0.7371,0.0233,0.0003,0.0048,0.048,0.0,0.0131,0.1237,95.1727372262774,32.3486119216794,13.5,17.7,9.1911,3.52455561976629,10.5367,1470162.0,56.377000259892,-0.836872014010015,8.682479557427557
2,Albania,ALB,2019,100.0,100.0,100.0,42.8467153284672,11740.0,19.8,-24.9973664805646,4.984,1.94096037816015,0.0664,0.7747,0.2058,0.9101,0.8373,0.0,2.1869,0.0027,3.5072,-2.1616,0.0,0.0,1.3456,2553.9362279242,2.45,908.317252679183,0.169,28.7919708029197,7889.0,0.138045383470044,0.0,2.06257790176122,6069.43903131027,3.64975808463876,5900.0,3579202093.98867,27400.0,2.5424,1.7559,0.0538,0.2277,0.002,0.002,0.0,0.0055,0.4953,0.7606,0.0233,0.0003,0.003,0.0439,0.0,0.0132,0.1266,93.7153649635036,33.248444000483,14.2,18.6,8.6662,3.37495000586105,10.0118,1457584.0,56.7639071287255,-0.859232828535257,8.7111862094957
3,Albania,ALB,2020,100.0,100.0,100.0,42.538503649635,11655.55,21.75,-31.2636378685046,4.5676,1.80646079858255,0.0606,0.7445,0.1409,0.9816,1.1049,0.0,1.5325,0.0028,3.5072,-2.1616,0.0,0.0,1.3456,2642.69442510916,2.34,855.185594249541,0.1843,28.7919708029197,7889.0,0.134209573343306,0.0,-3.31375636888916,6027.91350716348,-1.81016536329729,5970.0,3576974730.78693,27400.0,2.3584,1.5737,0.0539,0.2116,0.0023,0.0016,0.0,0.004,0.5113,0.6855,0.0218,0.0003,0.0034,0.0382,0.0,0.0097,0.1279,92.2802919708029,34.1717683131517,14.2,18.6,7.9972,3.16284882617225,9.3428,1444795.0,57.1408592155544,-0.881282752690579,8.704322092253388
24,Austria,AUT,2017,100.0,100.0,100.0,32.1694134755211,26546.2,12.4,13.8410434669612,70.0851,7.96641934826064,0.0664,8.9793,6.1535,10.6354,5.4755,14.2256,24.5485,0.0008,1.2377,-5.7211,0.3041011952,1.5565,-4.6461,8458.13489776604,2.95,3839.94805232106,2.3867,47.1204556471159,38883.8,0.0599693477007981,0.0,2.27224992038207,47163.7425775142,1.56430689663536,44800.0,107060575329.317,82520.0,8.9185,5.4694,0.7397,0.7469,0.063,0.0194,0.0885,0.0278,1.7637,2.0402,0.17,0.0035,0.0809,0.5831,0.1077,0.2408,0.2412,106.61131846825,31.4438672393262,28.4,28.4,84.8577,9.64558833659219,80.2116,5973998.0,67.9051196052802,0.964952397392997,10.761401913155654
25,Austria,AUT,2018,100.0,100.0,100.0,32.1477217644207,26528.3,12.47,9.23721655512961,67.2508,7.60710822359904,0.0541,8.1878,5.3981,10.5431,5.3631,12.9081,24.7957,0.0008,1.2409,0.8055,0.3041011952,1.5396,1.6166,8396.45084265961,2.8,3717.62532112148,2.4205,47.1639602520601,38919.7,0.0782044589524903,0.0,2.48422114080024,51194.0749841299,1.98626296400239,48710.0,116400059695.618,82520.0,8.7145,5.3837,0.6829,0.7767,0.0604,0.017,0.0859,0.0275,1.6803,2.0012,0.1622,0.0025,0.0776,0.5728,0.1059,0.2431,0.2414,107.131858943286,31.5663113655177,28.4,28.4,81.7926,9.2520112785208,83.4092,6020808.0,68.1046787227623,0.780508457343464,10.843398614684666
26,Austria,AUT,2019,100.0,100.0,100.0,32.1280901599612,26512.1,13.49,11.7157754531869,68.7767,7.74519365039325,0.0529,8.4202,6.2069,10.6506,5.5806,13.0349,24.8298,0.0008,1.244,4.4495,0.3041011952,1.5566,5.7884,8339.93999945946,2.81,3765.98011899602,2.3229,47.1037324285022,38870.0,0.0605276373347633,0.0,1.75497619649288,49885.9947355204,1.30350317565873,50900.0,113121973410.266,82520.0,8.5907,5.3065,0.695,0.7742,0.0601,0.018,0.085,0.0268,1.6251,2.0447,0.1625,0.0033,0.0774,0.564,0.1032,0.2439,0.245,107.609306834707,31.5721178548133,28.4,28.4,83.1342,9.36204380219642,88.9226,6066549.0,68.3176044750522,0.756844003891464,10.817515621227933
27,Austria,AUT,2020,100.0,100.0,100.0,31.5398121667475,26026.653,14.51,2.19641348840232,62.9162,7.05586627765098,0.0502,8.4271,5.7537,10.3971,5.2043,11.4109,21.672,0.0008,1.2472,-3.8839,0.3041011952,1.5962,-1.1623,8025.46724947246,2.84,3546.50449865153,2.2248,47.137905962191,38898.2,0.0483056211040267,0.0,-6.31825509209936,48716.4098900349,-6.70639361073974,49000.0,111442475275.642,82520.0,8.4636,5.2711,0.6949,0.7515,0.0584,0.0165,0.0875,0.0224,1.5614,2.0369,0.1622,0.0038,0.0751,0.5264,0.1038,0.2138,0.2461,108.057004362579,31.5778123598489,29.1,29.1,76.9727,8.63226129724531,75.8104,6111709.0,68.5410177924001,0.74165298520757,10.793791737793944
28,Austria,AUT,2021,100.0,100.0,100.0,31.5376684440136,26024.884,13.11,7.53589760249498,66.2034,7.39223990896623,0.0399,9.16,6.1554,10.7234,5.4431,12.2398,22.4409,0.0008,1.2503,-4.5782,0.3041011952,1.6452,-3.5721,8396.01433574254,2.86,3728.13398931398,1.9183,47.1720794958798,38926.4,0.0559934904917667,0.0,4.92309171717903,53648.6437976214,4.4669658436443,53440.0,123601632693.921,82520.0,8.6157,5.3001,0.8411,0.7485,0.0618,0.0185,0.0899,0.0227,1.5331,1.9644,0.1825,0.0036,0.0795,0.5339,0.1047,0.222,0.2502,108.528805138148,31.5771921917436,29.3,29.3,80.0781,8.94148226003783,76.506,6159224.0,68.773601700253,0.774435610983729,10.890230108663484
32,Belarus,BLR,2017,98.7,96.6,99.3,41.8448381185095,84940.0,0.2,-42.9356827993466,60.2218,6.3666212107869,0.5474,7.1955,3.179,4.6454,5.3843,27.9906,11.2574,0.0221,2.8805,-46.7303,18.622,-2.2227,-30.8368,3618.56853835013,6.14,2692.58344898873,0.0607,42.9784026641969,87241.0,1.04002673922668,0.0,2.53218349471909,5785.54491935194,2.64480751685403,5320.0,17268319997.1848,202988.0,18.7773,12.5697,0.2762,2.2764,0.0088,0.0066,0.0495,0.0427,3.5475,12.9175,0.2355,0.003,0.0132,0.8384,0.0498,0.1814,0.1605,46.5987595325832,27.241846045051,9.4,9.4,93.4591,9.88045339729225,62.6223,7285391.0,77.0208206176758,0.117619458619697,8.663290660042405
33,Belarus,BLR,2018,99.3,98.2,99.7,41.6444969947778,84530.0,0.19,-39.8780668074123,63.4486,6.722115187495,0.6165,7.3474,3.292,4.7588,5.4211,30.1522,11.84,0.0207,2.9968,-49.0449,18.5153,-1.3323,-33.4747,3725.05571426831,6.29,2849.29477344053,0.0613,43.0515321706572,87386.0,1.14402160905757,0.0,3.14919758275296,6360.037502312,3.36999150781449,5730.0,18769066474.0225,202980.0,18.8396,12.4895,0.2781,2.3034,0.0087,0.0066,0.0528,0.0441,3.6564,12.8016,0.2478,0.0029,0.0133,0.8554,0.053,0.1879,0.166,46.5010592176569,27.5064952706471,9.4,9.4,96.6775,10.242578891245,63.2028,7287995.0,77.2132720947266,0.0357363762644192,8.75794677232437
34,Belarus,BLR,2019,100.0,100.0,100.0,41.3223954869066,83870.0,0.24,-41.9637611671019,61.2475,6.50202478662403,0.5371,6.8216,3.2671,4.8287,5.0218,28.9486,11.802,0.0206,3.0132,-45.1962,18.4076,-0.7881,-29.0992,3759.65072563435,5.97,2748.96883661007,0.0648,43.1261547557461,87531.0,1.00289755773858,0.0,1.44645548204305,6837.77339645635,1.6513675093432,6370.0,20441938767.071,202965.0,18.8422,12.405,0.2701,2.3239,0.0094,0.0064,0.0572,0.0448,3.7254,12.7498,0.2375,0.0029,0.0143,0.8502,0.0589,0.1866,0.1735,46.4107506220284,27.6405511397146,9.4,9.4,94.4282,10.0244825822489,65.329,7296081.0,77.4550771852757,0.110888078594174,8.83036366653195
35,Belarus,BLR,2020,100.0,100.0,100.0,40.7971228692482,82810.0,0.61,-44.8892860256299,58.1601,6.20046882969124,0.5486,6.6625,3.0165,4.7003,4.8187,27.7867,10.614,0.0126,3.0885,-48.4791,18.4079,-0.0936,-30.5441,3764.62480831458,5.82,2673.86548599188,0.0653,43.1944033894965,87676.0,1.14810652957222,0.0,-0.672742918585868,6542.85579976768,-0.251224685296094,6410.0,19240974350.0405,202980.0,18.8844,12.374,0.25,2.3391,0.0098,0.0063,0.0574,0.0405,3.8073,13.1079,0.233,0.0029,0.0147,0.8438,0.061,0.1665,0.1785,46.211212927382,27.7952913243942,9.4,9.4,91.7181,9.77809907769251,61.174,7296574.0,77.7890385790408,0.0067568238978775,8.786281842551974
36,Belarus,BLR,2021,100.0,100.0,100.0,40.2759300320276,81740.0,5.75,-44.432368202613,58.6423,6.30387145078492,0.4772,7.4728,3.0202,4.5904,4.7202,27.958,10.3895,0.014,3.2561,-49.8644,14.6713,-0.5566,-36.5419,4094.66830993751,6.18,2929.27533668037,0.0668,43.2722345405272,87821.0,1.00983526941144,0.0,2.43886210234947,7489.71894713888,3.29081749370279,7040.0,22396131840.4286,202950.0,18.8014,12.1867,0.2583,2.3713,0.0093,0.0068,0.06,0.0396,3.8695,12.8183,0.2455,0.0029,0.014,0.8759,0.0641,0.1649,0.1954,45.8368317319537,28.0512219581958,13.8,13.8,91.8916,9.87807152528034,55.3497,7268211.0,78.131086803694,-0.389474144015336,8.921420059506737
40,Belgium,BEL,2017,100.0,100.0,100.0,43.7477334915768,13270.0,21.51,-13.8550300175192,99.7694,8.77081443615992,0.0403,24.5956,6.515,16.6679,10.8401,15.8883,25.2018,0.0205,0.7599,-2.0452,0.0753,0.5928,-0.7137,7801.64987598414,4.02,4863.63280171736,3.2145,22.7244255431378,6893.0,0.0166337659117625,0.0,1.47446761556785,44035.3239358548,1.08431151262542,42310.0,95946872456.8237,30333.0,12.6912,6.8971,0.3105,2.5629,0.0412,0.0522,0.0756,0.0296,2.722,2.6021,0.1629,0.0035,0.0538,4.9632,0.0794,0.2471,0.2936,375.009329772855,20.6275452089975,24.7,23.3,124.0806,10.9080331016061,123.3669,9859210.0,86.6731739531869,0.642139017041796,10.692770116323079
41,Belgium,BEL,2018,100.0,100.0,100.0,44.403633620831,13540.0,15.95,-13.2600329661695,100.4585,8.79128601300038,0.0403,24.3233,6.6221,17.1961,10.8451,16.1207,25.2832,0.0275,0.7666,-2.0072,0.0753,0.5772,-0.6777,7748.27877771471,3.8,4660.20692893781,3.0728,22.6051880759519,6893.0,0.0192310052377608,0.0,1.87796847383565,47487.2100392561,1.41528937457539,45980.0,102906722648.0,30493.0,12.7423,7.026,0.3004,2.5821,0.0428,0.0556,0.0736,0.0311,2.6308,2.6378,0.1558,0.0034,0.0559,4.9663,0.0761,0.2468,0.281,374.74351490506,20.6421172877468,24.6,23.3,124.6967,10.912410145257,124.019,9928778.0,86.8883449485575,0.703136535361722,10.768236749513735
42,Belgium,BEL,2019,100.0,100.0,100.0,44.4677641503247,13560.0,22.96,-13.3852318813425,100.3135,8.73127988733552,0.0403,23.841,7.0186,16.3479,11.4763,16.6046,24.9612,0.0236,0.7708,-1.8888,0.0753,0.5752,-0.4425,7673.26603406047,3.83,4775.95747475268,2.9299,22.604446776415,6893.0,0.0150775137305335,0.0,2.4428900448156,46716.6227467964,1.89071932044187,48070.0,103275329742.745,30494.0,12.7111,6.9909,0.2927,2.6034,0.0406,0.0566,0.0722,0.0336,2.6211,2.6448,0.1784,0.0038,0.0527,4.9371,0.0741,0.2423,0.3049,376.761985964452,20.6395048159384,26.1,24.9,124.3926,10.8271230344208,123.9501,10006461.0,87.0961631189222,0.779357530690887,10.751876733219435
43,Belgium,BEL,2020,100.0,100.0,100.0,44.7500918213419,13646.093,20.88,-20.626132726392,91.9274,7.96694296814415,0.0403,23.4487,5.8752,15.9157,10.1694,15.68,20.7727,0.0253,0.7761,-1.9219,0.0753,0.5595,-0.4546,7420.56838071573,3.71,4386.43050829817,2.7056,22.604446776415,6893.0,0.0136986053757482,0.0,-4.7929839083518,45906.2875805246,-5.20244011003201,46330.0,101071905704.436,30494.0,12.6112,6.993,0.2681,2.6057,0.0387,0.0553,0.0741,0.0304,2.5458,2.6237,0.1572,0.0032,0.0503,5.0017,0.0757,0.2035,0.3127,378.38932248967,20.6574996001607,17.6,15.4,115.6721,10.0247915605735,115.2175,10072797.0,87.2964994991269,0.660743951222393,10.734379154263413
44,Belgium,BEL,2021,100.0,100.0,100.0,44.7848757132551,13656.7,26.29,-17.0912061145423,96.0214,8.2875698190821,0.0367,24.7852,6.1061,16.9205,10.5396,14.6891,22.913,0.0311,0.7813,-1.9538,0.0753,0.5526,-0.3875,7681.46919674665,3.86,4823.5834216252,2.4788,22.604446776415,6893.0,0.0134810818415549,0.0,6.25445686466593,51658.238294958,5.8180102265206,51140.0,107713224505.037,30494.0,12.4518,6.9093,0.3142,2.6383,0.0418,0.0576,0.068,0.0365,2.3861,2.5124,0.1487,0.0034,0.0544,5.2395,0.071,0.2227,0.3174,379.949990161999,20.6881921050358,17.8,15.5,119.5214,10.3158457112106,119.1339,10129875.0,87.4305564090635,0.565055472554392,10.85242432196037
48,Bosnia and Herzegovina,BIH,2017,100.0,100.0,100.0,43.515625,22280.0,4.86,-2.37691208965609,23.9898,6.99679935322086,0.0294,1.1779,0.9915,2.1849,1.1741,14.6522,3.7762,0.0037,0.0,-6.398,0.0,0.0,-6.398,3864.45870454011,6.0,1966.74296405564,0.5055,42.7326171875,21879.1,0.623304729989487,0.0,3.24409895306594,5345.01978766473,4.57868807789549,5070.0,4237254437.56976,51200.0,5.9458,1.5063,0.1722,3.399,0.0021,0.0015,0.0048,0.0126,0.8473,0.6778,0.0343,0.002,0.0037,0.0862,0.4369,0.0255,0.1447,66.9664453125,20.6004218614954,1.4,1.4,31.8522,9.28992539990585,25.4542,1662631.0,48.4918401819106,-0.316765999645651,8.584107598088334
49,Bosnia and Herzegovina,BIH,2018,100.0,100.0,100.0,43.18359375,22110.0,7.53,-2.07415184402964,24.0642,7.10487156775908,0.0253,1.0376,1.0319,2.3908,1.3214,14.5016,3.752,0.0037,0.0,-6.398,0.0,0.0,-6.398,3898.73043991733,6.41,2205.40019359849,0.5239,42.7326171875,21879.1,0.573284897980651,0.0,3.82900399349064,6047.84707207392,5.10677209046635,5720.0,4857048011.90113,51200.0,6.2162,1.4894,0.4179,3.4139,0.0025,0.0017,0.0051,0.0121,0.8736,0.6749,0.0725,0.0016,0.0042,0.0935,0.4338,0.0254,0.1457,66.15234375,20.6536044647578,1.4,1.4,32.2559,9.52344257454975,25.8579,1658679.0,48.971927825824,-0.237978500359108,8.707622966265413
50,Bosnia and Herzegovina,BIH,2019,100.0,100.0,100.0,43.28125,22160.0,7.61,-8.04267942817378,22.5975,6.75452909895075,0.0186,0.8695,0.8823,2.2946,1.2629,13.2511,4.0147,0.0037,0.0,-6.398,0.0,0.0,-6.398,3735.12979845065,6.02,2157.71633026544,0.5855,42.7326171875,21879.1,0.547685201989734,0.0,2.88585242083978,6122.37541352353,4.16109545157208,6180.0,4752742051.62196,51200.0,5.9748,1.4621,0.4275,3.1958,0.0018,0.0017,0.005,0.0121,0.8688,0.6531,0.0715,0.0013,0.0034,0.0913,0.3971,0.0272,0.1503,65.34244140625,20.7111862026541,1.4,1.4,30.553,9.13247605090131,24.155,1654869.0,49.4650440037758,-0.22996508148154,8.719868761622543
51,Bosnia and Herzegovina,BIH,2020,100.0,100.0,100.0,43.7890625,22420.0,5.92,-8.29131721053638,22.5364,6.83055960433407,0.0226,0.9017,1.1754,1.4083,1.5654,13.823,3.6363,0.0038,0.0,-6.398,0.0,0.0,-6.398,3513.72346484109,6.1,2152.73018925591,0.5612,42.7326171875,21879.1,0.5690925119238,0.0,-3.01509335460439,6130.31187968266,-1.65750707667169,6160.0,4809259625.969,51200.0,5.9363,1.4555,0.4523,3.1227,0.0019,0.0016,0.0052,0.0118,0.8855,0.6806,0.0768,0.0012,0.0037,0.0933,0.4101,0.0244,0.1508,64.44041015625,20.8094031676675,3.6,3.6,30.4749,9.23664031904476,24.0769,1648721.0,49.9710852122997,-0.372201580556775,8.7211640157696
56,Bulgaria,BGR,2017,98.1,96.0,98.8,46.3294030950626,50295.2,24.2,-38.4377853531915,49.2832,7.2438350558862,0.8438,1.6386,1.5138,4.3716,5.448,26.27,9.1891,0.0084,0.1535,-8.5627,0.0806,0.1356,-9.5484,5387.98742053318,5.11,2732.22244053467,0.7847,35.5011053795136,38540.0,0.265773225929047,0.0,2.74592676054861,8696.68930427924,4.1152395764986,7900.0,14193901552.2127,108560.0,8.6168,2.182,0.351,1.1551,0.0144,0.0074,0.0097,0.0506,4.8466,3.2362,0.0761,0.0011,0.0191,0.2592,0.104,0.0747,0.1132,62.6701179071481,25.3718334275968,28.3,34.7,62.5683,9.19653035775284,53.0199,4993096.0,73.3904571533203,-1.02990764186942,9.070812672156206
57,Bulgaria,BGR,2018,98.7,97.4,99.1,46.3338246131172,50300.0,26.5,-42.1473924573696,46.3135,6.90134019828938,0.7574,1.4756,1.7768,4.8173,5.1754,22.9102,9.397,0.0038,0.0499,-8.536,0.0806,0.0225,-9.6156,5353.90873037752,4.97,2764.27513129547,0.79,35.6208548268239,38670.0,0.24613036929239,0.0,2.33015213407045,9849.38397225174,3.74323820792699,8860.0,14699335925.1003,108560.0,8.3952,2.1383,0.3405,1.0623,0.0153,0.0074,0.022,0.0491,4.7604,3.2164,0.0787,0.0009,0.0203,0.2535,0.1026,0.0768,0.1116,61.816488577745,25.7618195151323,28.3,34.7,59.3596,8.84538619699177,49.744,4939162.0,73.600212097168,-1.08604770687718,9.195265715360849
58,Bulgaria,BGR,2019,99.2,98.4,99.4,46.3983050847458,50370.0,26.54,-44.2430949992692,44.6358,6.74590424327681,0.8432,1.4372,2.2138,4.582,4.7796,21.2649,9.508,0.0072,0.2062,-8.4865,0.0806,-0.1188,-9.3461,5395.41761287984,4.72,2771.124202737,1.0167,35.7406042741341,38800.0,0.220943539056,0.0,3.79331765354152,10353.7204584127,5.26897872493906,9920.0,14771949958.8447,108560.0,8.2081,2.0754,0.3321,1.0147,0.0156,0.0074,0.0252,0.0486,4.6891,3.2939,0.0778,0.001,0.0207,0.2501,0.1,0.0799,0.1096,60.9499447310243,26.1796116574521,32.8,40.6,57.7936,8.73447079416618,48.4475,4877601.0,73.7162322998047,-1.25421805522404,9.24519777765773
59,Bulgaria,BGR,2020,99.7,99.4,99.8,46.4904200442152,50470.0,28.11,-50.7645435660545,39.4151,6.01693316252197,0.8721,1.4116,2.1047,4.4131,4.3117,17.2943,8.9357,0.0718,0.0797,-8.4617,0.0806,0.1088,-9.3876,5304.93248351015,4.68,2664.55152991688,1.0612,35.8603537214444,38930.0,0.199737752823464,0.0,-3.13323303076419,10760.211975413,-2.15683103882644,10090.0,15396677101.7046,108560.0,8.1197,2.2025,0.3693,0.8754,0.0158,0.007,0.0217,0.0462,4.5816,3.377,0.0802,0.0008,0.0208,0.2327,0.0819,0.0761,0.1171,60.3417096536478,26.6688762899648,33.1,41.0,52.5825,8.02700964905103,43.1949,4803232.0,73.3239898681641,-1.53644759703136,9.28370346449286
60,Bulgaria,BGR,2021,99.8,99.5,99.9,46.4904200442152,50470.0,26.53,-42.7000173632147,45.8711,7.04917445804336,0.8457,1.7036,2.4948,5.0165,4.7202,21.4732,9.6145,0.0025,0.0458,-8.4825,0.0806,0.2133,-9.3125,5560.98450033278,4.72,2918.91641380678,1.077,35.9801031687546,39060.0,0.171861677306964,0.0,7.82817232822165,12966.1457543396,8.54724211432547,11720.0,17507898595.6373,108560.0,8.2219,2.1826,0.3604,1.0169,0.0162,0.008,0.0327,0.0462,4.5589,3.3443,0.0811,0.0007,0.0213,0.2533,0.109,0.0828,0.1095,59.9419767870302,26.9084276943029,33.1,41.0,59.1719,9.09315551870123,49.8594,4772895.0,73.346765618041,-0.633598562114185,9.470174187891326
64,Croatia,HRV,2017,100.0,100.0,100.0,26.7493388606962,14970.0,6.73,-21.7556902379327,18.7971,4.65112768894595,0.0905,2.8247,1.3457,2.3134,2.51,3.1398,6.5731,0.0,0.0539,-5.6137,0.0923,1.3293,-5.1676,4249.01525632039,3.26,2159.96952184034,1.22,34.5151954828104,19316.084,0.278932187391255,0.0,3.28396321643012,13901.7878144679,4.95688757968964,13350.0,11108563914.4546,55964.0,4.3642,1.71,0.3933,0.3348,0.0038,0.0015,0.0073,0.0138,1.8997,1.2592,0.1012,0.0016,0.0054,0.8883,0.0105,0.0658,0.0747,72.2144056893717,30.362351749701,23.6,38.3,26.788,6.62838461951494,21.6204,2259186.0,55.9009887365155,-1.29942548529598,9.53984466120081
65,Croatia,HRV,2018,100.0,100.0,100.0,26.5170466728611,14840.0,9.51,-26.0473034849065,17.7661,4.45402410514506,0.0902,2.7493,1.311,2.3336,2.3522,2.5932,6.3365,0.0,0.0521,-5.5375,0.0923,0.4987,-5.6561,4310.8473152785,3.08,2127.63878608554,1.3476,34.5598956472018,19341.1,0.254506149251206,0.0,2.91107593407843,15460.3669595491,4.26899051902303,14670.0,11895726078.8436,55964.0,4.1733,1.6049,0.3753,0.3245,0.0041,0.0015,0.0089,0.0134,1.8405,1.2689,0.1008,0.0016,0.0058,0.8951,0.0128,0.063,0.0766,71.2739439639768,30.6417184001287,23.6,38.3,25.7117,6.4460141271443,20.0556,2237430.0,56.093170097094,-0.967668565244336,9.646099737349692
66,Croatia,HRV,2019,100.0,100.0,100.0,26.8744192695304,15040.0,8.11,-25.1893970928587,17.9722,4.5506268056586,0.0913,2.6611,1.0587,2.3223,2.471,2.8573,6.5107,0.0,0.0542,-5.8019,0.0923,0.5157,-5.8919,4363.71186436386,3.01,2173.19836034448,1.4624,34.6045672217854,19366.1,0.241443273100307,0.0,3.10152683894853,15563.5987295029,4.12969919836404,15800.0,12032908259.2224,55964.0,4.1524,1.6298,0.3646,0.3172,0.0044,0.0015,0.0108,0.0128,1.8112,1.2769,0.0993,0.0014,0.006,0.8817,0.0156,0.0654,0.0776,70.5701879779859,30.8158937955195,23.6,38.3,26.0109,6.58605506166775,20.119,2223635.0,56.303247958306,-0.618464154693749,9.652754302235193
67,Croatia,HRV,2020,100.0,100.0,100.0,26.8942101501072,15050.0,8.71,-28.4391182004362,17.1915,4.39207849561316,0.0984,2.7291,0.8805,2.3334,2.5997,2.8449,5.7055,0.0,0.0505,-6.2656,0.0923,0.875,-5.8773,4164.06290317883,3.16,2104.84530641676,1.568,34.6517155110793,19391.1,0.252537598880259,0.0,-8.31086401501189,14807.5608543265,-7.48668905832953,15130.0,11647900235.636,55960.0,4.1319,1.6191,0.3701,0.3006,0.0051,0.0016,0.0118,0.0104,1.8131,1.3561,0.1028,0.001,0.0069,0.9222,0.0151,0.0582,0.0813,69.946497498213,30.9529652573554,23.9,38.4,25.435,6.4981250348091,19.5577,2212641.0,56.5284863367411,-0.495641953143935,9.60296072862567
68,Croatia,HRV,2021,100.0,100.0,100.0,26.3759828448892,14760.0,10.14,-27.1270750428745,17.5067,4.5132213846884,0.0717,2.8581,0.8995,2.3669,2.2117,2.9367,6.1622,0.0,0.0478,-5.9243,0.0923,0.5112,-5.9294,4506.59593331341,2.91,2212.49721053261,1.6931,34.6963902787706,19416.1,0.2176446256734,0.0,12.6322190351024,17788.7865816658,13.6550314478241,17420.0,13514397361.1599,55960.0,4.003,1.6247,0.401,0.2957,0.0053,0.0015,0.0131,0.0111,1.6506,1.2049,0.1059,0.001,0.0071,0.8524,0.0176,0.063,0.0833,69.3170300214439,31.0859868648713,23.9,38.4,25.538,6.58368782935518,19.6086,2202034.0,56.7683502560171,-0.480534599299897,9.78637978405424
80,Czechia,CZE,2017,100.0,100.0,100.0,45.6029011786038,35210.0,18.06,-33.3044913703719,110.3808,10.4187499138699,0.2972,12.876,6.6164,12.2279,5.7671,53.9925,18.5387,0.065,0.3845,-5.2548,0.0,-0.3168,-6.2332,6573.73236787076,4.39,4089.51341285553,3.9584,34.6025126278979,26716.6,0.213964042740389,0.0,5.17356529967881,20913.197632212,4.8945501951199,18350.0,71419926136.1207,77210.0,14.1879,5.226,0.9776,3.0885,0.0341,0.0159,0.0487,0.0382,4.7589,3.204,0.2082,0.0059,0.0495,1.18,1.888,0.171,0.245,137.21587877218,16.6242396405475,22.2,22.2,135.4786,12.7877099285493,129.2454,7724636.0,72.9121853567256,0.180105847237297,9.948183519870604
81,Czechia,CZE,2018,100.0,100.0,100.0,45.628804558995,35230.0,18.97,-33.9304747564344,109.3448,10.2865042924091,0.198,12.025,6.8776,12.4323,5.5432,53.531,18.6711,0.0665,0.2082,0.2809,0.0,-0.3465,-1.2856,6572.10472168767,4.26,4081.41868670154,4.0034,34.6259551871519,26734.7,0.23615605754452,0.0,2.83030588267866,23705.9329811299,2.48698770067625,20700.0,78734862459.2055,77210.0,13.8771,5.0647,0.9831,2.998,0.0343,0.0148,0.0472,0.0373,4.6978,2.9392,0.2095,0.0059,0.0497,1.1671,1.8435,0.1734,0.2455,137.675534257221,16.6783382354783,22.2,22.2,133.859,12.5926534968064,132.5734,7743889.0,72.8498744351241,0.248931426132289,10.07352281519378
82,Czechia,CZE,2019,100.0,100.0,100.0,45.6399997409511,35236.59,19.55,-37.2933227633178,103.7793,9.72456561033821,0.1641,11.4572,6.3393,11.7289,5.6039,49.5303,18.8901,0.0655,0.2564,6.6886,0.0,-0.3749,4.7443,6525.47304268137,4.07,4002.2461173426,4.0281,34.6514173213048,26752.8,0.29543666693327,0.0,3.56577658128261,24062.7190013343,3.15874802851988,22440.0,79137023187.8686,77205.5,13.9279,5.0731,0.9821,2.8198,0.0361,0.0137,0.0501,0.0375,4.9156,2.9392,0.2142,0.0056,0.0517,1.1558,1.6613,0.176,0.2548,138.226810266108,16.7203519450738,22.2,22.2,128.1939,12.0123183659471,132.9382,7767803.0,72.7876426709563,0.308335402043916,10.088460549542686
83,Czechia,CZE,2020,100.0,100.0,100.0,45.6468665918898,35238.71,20.63,-42.6828826172389,94.8596,8.86715826663618,0.1489,11.2623,5.579,11.8898,5.5914,42.7349,17.5908,0.0625,0.2609,10.3256,0.0,-0.3531,7.4412,6286.67907164219,4.06,3764.47161158552,3.9416,34.6779919254939,26770.9,0.35468020378351,0.0,-5.30487955463876,23472.8915454417,-5.53491969820153,22190.0,74511390441.7229,77198.53,13.4838,4.9885,0.9904,2.3995,0.0377,0.0138,0.0509,0.0343,4.9686,2.764,0.2152,0.0049,0.0536,1.1866,1.3172,0.1645,0.2568,138.575928842168,16.7831009232565,22.2,22.2,118.2477,11.0533996618762,125.6889,7780070.0,72.7254901604208,0.157796536482863,10.063644084450099
84,Czechia,CZE,2021,100.0,100.0,100.0,45.730560511424,35297.97,19.94,-39.8698244587902,99.5152,9.4724309646164,0.1713,11.6399,4.3473,12.8277,5.9742,45.7306,18.7673,0.0569,0.288,6.9337,0.0,-0.4201,4.4115,6690.60779160256,4.16,4056.31700066788,3.9425,34.7066980208929,26789.0,0.27927082252104,0.0,4.02901832055149,27696.4619527544,5.93106968937249,25500.0,82974959444.6023,77186.83,13.7652,5.0347,1.0762,2.4607,0.0385,0.0149,0.0547,0.0433,5.0422,2.8418,0.2166,0.0029,0.0546,1.2464,1.506,0.1759,0.2579,136.108349053848,17.1850382924644,22.2,22.2,123.5249,11.7578127528372,127.9364,7635706.0,72.6810594374316,-1.87299322902636,10.229096061723133
88,Denmark,DNK,2017,100.0,100.0,100.0,65.7825,26313.0,8.36,-36.0198278131044,33.5457,5.81887534735593,0.0756,4.339,2.3591,3.7596,1.4741,9.396,12.1424,0.001,-0.056,-2.8374,3.7498,-0.4211,0.2731,5885.01607984763,2.18,2896.57067618882,0.5828,15.64,6256.0,0.0170505833767376,0.0,3.05647723922718,57521.5514992225,2.39559065097636,56600.0,67726904928.7036,40000.0,8.7547,6.7827,0.3888,0.4596,0.01,0.0,0.1032,0.0167,0.9938,3.9963,0.1457,0.0021,0.0132,0.1799,0.1499,0.1317,0.2011,144.1245,25.6985453229686,20.7,26.1,47.703,8.27461673761227,47.9761,5074116.0,88.0161943799509,1.0032387921328,10.959932349881608
89,Denmark,DNK,2018,100.0,100.0,100.0,65.8125,26325.0,8.1,-36.0347043946948,33.5379,5.78874820578994,0.0737,4.2473,2.2157,3.7497,1.4684,9.4755,12.3077,0.001,0.0873,-2.3616,3.6025,0.7913,2.0733,5744.7516550919,2.13,2870.41628591658,0.6454,15.664,6265.6,0.019414192788715,0.0,1.8600074900921,61324.7665045565,1.35619600199787,61090.0,73103614421.6203,40000.0,8.7584,6.8131,0.371,0.4609,0.0105,0.0,0.1012,0.0165,0.9852,3.9114,0.1445,0.0019,0.0138,0.1747,0.1479,0.132,0.2002,144.8409,25.8755147378608,17.9,18.1,47.6681,8.22766566625863,49.7414,5104540.0,88.1059762310689,0.597801725578871,11.023955368103719
90,Denmark,DNK,2019,100.0,100.0,100.0,65.649125,26259.65,9.64,-42.6309425268065,30.0794,5.17323991963432,0.1092,4.0974,2.1051,3.646,1.465,6.6182,12.0384,0.001,-0.0308,-2.6842,3.4053,0.4534,1.0592,5755.1722252014,2.03,2757.24986480703,0.4959,15.6875,6275.0,0.0154071082620836,0.0,1.71140093932736,59404.2663247723,1.34779245340653,63020.0,71291624095.2624,40000.0,8.642,6.7938,0.3411,0.4523,0.0102,0.0,0.1028,0.0161,0.9257,4.023,0.1349,0.0016,0.0134,0.1662,0.1401,0.1295,0.2045,145.36055,26.0073883562516,17.7,17.2,44.0304,7.57261856810531,45.0896,5128881.0,88.2096490810669,0.475716691502162,10.99213816008699
91,Denmark,DNK,2020,100.0,100.0,100.0,65.499675,26199.87,10.32,-47.0014151825051,27.7879,4.76521606117498,0.1114,3.9528,1.6694,3.7417,1.584,5.681,11.0476,0.001,0.0003,-2.3939,3.25,0.067,0.8057,5693.99753472749,1.99,2637.04300572344,0.4706,15.711,6284.4,0.0131424205812259,0.0,-1.78010601831291,60985.4885601514,-2.06613837683189,62710.0,69543839825.407,40000.0,8.6918,6.9329,0.3208,0.4321,0.0103,0.0,0.1045,0.0145,0.8767,4.1598,0.1298,0.0012,0.0136,0.1585,0.1409,0.1182,0.2019,145.7851,26.1677017583376,17.9,17.0,41.8742,7.1808092870945,42.6799,5145599.0,88.2394485473632,0.325427948744826,11.018407619607007
92,Denmark,DNK,2021,100.0,100.0,100.0,65.45,26180.0,9.7,-43.6137505387993,29.5641,5.04788249694838,0.0508,4.0729,1.7291,4.0745,1.6539,6.736,11.2469,0.001,0.0619,-3.1998,3.0829,-0.1636,-0.2745,6132.42912046699,1.96,2756.12264765988,0.4023,15.7345,6293.8,0.0132691377186323,0.0,6.50025445756295,69340.7334922138,6.03966577353796,69810.0,78757342122.2935,40000.0,8.6256,6.8356,0.3316,0.4486,0.0105,0.0,0.1258,0.0148,0.8587,3.8679,0.128,0.0012,0.0139,0.1624,0.1715,0.1183,0.201,146.418325,26.2825025453407,17.9,17.0,43.2563,7.38573877279364,42.9818,5169249.0,88.2616449318149,0.458563062542163,11.146802218814232
96,Estonia,EST,2017,100.0,100.0,100.0,22.9707602339181,9820.0,1.12,-45.1432438979923,21.9647,16.6729670316324,0.0817,0.7943,5.0353,0.6385,0.42,12.5693,2.4253,0.0002,0.4244,-0.2188,2.2595,-0.1974,1.2094,7322.84588244582,5.49,4444.84667060588,0.2364,57.0385964912281,24384.0,1.08446674179545,0.0,5.63467248963991,20851.5223496861,5.50685731354206,19140.0,6367658071.87531,42750.0,2.872,0.8797,0.1451,0.0568,0.0021,0.0,0.0302,0.0038,1.7543,1.4738,0.0523,0.0,0.0028,0.0672,0.0442,0.0263,0.0424,30.816,47.3085746035064,19.5,20.2,26.7821,20.3297595841455,27.9915,908905.0,68.9931941915158,0.511922510846607,9.945230195914071
97,Estonia,EST,2018,100.0,100.0,100.0,23.0409356725146,9850.0,1.04,-40.9372104465274,23.6488,17.8889647853178,0.0857,0.795,7.7663,0.6614,0.4205,11.453,2.4668,0.0002,0.4637,1.3102,2.5079,-0.2327,2.9541,7354.89346637649,5.21,4282.71513259126,0.2368,57.0385964912281,24384.0,1.02239313872309,0.0,3.69969756161726,23618.1361254581,3.33940936378892,21600.0,7271332955.31137,42750.0,2.9373,0.8774,0.1454,0.0595,0.0022,0.0,0.0326,0.005,1.8151,1.4824,0.0537,0.0,0.0029,0.066,0.0466,0.0266,0.0435,30.9234385964912,47.7171432626901,19.5,20.2,28.5447,21.5924331512575,31.4988,915870.0,69.2803532930133,0.763385494011981,10.06981251522384
98,Estonia,EST,2019,100.0,100.0,100.0,23.1204678362573,9884.0,1.38,-61.381465081256,15.4629,11.6534202327534,0.0854,0.7644,5.2676,0.7268,0.4184,5.7596,2.4406,0.0002,0.4735,1.072,2.3757,-0.1714,2.7782,6987.72626079774,4.22,3661.49925395092,0.2307,57.0385964912281,24384.0,0.883141945947517,0.0,3.72664943466884,24021.2501413306,3.3419636171697,23490.0,7112112238.2196,42750.0,2.3965,0.8842,0.1406,0.0624,0.002,0.0,0.0288,0.006,1.2726,1.5701,0.0516,0.0001,0.0027,0.0551,0.0388,0.0268,0.0399,31.0385497076023,47.8013818740326,19.7,20.6,19.8753,14.978770033567,22.6535,923239.0,69.5787397662154,0.801370602402878,10.086735769070403
99,Estonia,EST,2020,100.0,100.0,100.0,23.0409356725146,9850.0,2.15,-69.6981276270539,12.1329,9.12576098778358,0.0864,0.7553,4.904,0.4709,0.1601,3.4872,2.2689,0.0002,0.4717,-0.8926,2.2822,-0.1306,0.7951,7030.34624474059,3.92,3368.23730668515,0.1934,57.0385964912281,24384.0,0.949269749168634,0.0,-2.88380751483778,23933.9939421065,-3.07548007766944,23580.0,6927925393.65449,42750.0,1.883,0.8816,0.148,0.0653,0.0013,0.0,0.0294,0.0067,0.7508,1.6003,0.0527,0.0,0.0017,0.0503,0.0384,0.025,0.0384,31.0999298245614,47.9241538234683,20.1,21.2,16.0162,12.0465851636904,16.8113,929091.0,69.8815778947665,0.631854957769353,10.083096848728875
100,Estonia,EST,2021,100.0,100.0,100.0,23.0877192982456,9870.0,2.09,-67.7183623417524,12.9256,9.71169075504984,0.071,0.6404,4.4501,0.3478,0.1723,4.8514,2.3923,0.0002,0.387,-1.4817,2.5127,0.0218,0.5022,6644.21623343642,3.73,3427.29968051085,0.2039,57.0385964912281,24384.0,0.758996770060817,0.0,8.25488044580031,27951.1659277744,8.14019436008853,26490.0,8493350420.41072,42750.0,1.8761,0.8722,0.1445,0.0685,0.0009,0.0,0.0308,0.0078,0.7514,1.5168,0.0395,0.0,0.0013,0.0512,0.0408,0.0263,0.0375,31.1329122807018,48.0472539073123,20.2,21.3,16.7189,12.5617987996381,17.2211,934018.0,70.1777274135822,0.528902118507097,10.23824996852445
112,France,FRA,2017,100.0,100.0,100.0,53.2470526022822,286974.99,45.06,-12.0197286684681,338.709,5.06155143263354,2.6147,78.6692,19.0903,41.4108,21.0707,45.6463,128.3758,1.8312,13.1286,-45.6743,0.0767,3.7776,-29.8464,7229.03935292766,3.46,3705.41111644137,16.9321,31.5480100194823,170028.0,0.0309691466833577,0.0,2.08361485997399,38687.1626407164,1.78779549384231,38120.0,433591517918.118,538950.0,73.9145,47.6113,2.7531,3.344,0.0959,0.065,0.2009,0.1577,19.6866,28.6509,1.213,0.0079,0.1262,2.8871,0.2843,1.2666,1.7789,124.163688653864,20.6062706877906,27.8,26.0,465.7704,6.96031352989822,435.924,52628868.0,78.6467804026368,0.349813019619046,10.56328895731171
113,France,FRA,2018,100.0,100.0,100.0,53.1776602653307,286601.0,47.6,-14.6585211966557,328.5501,4.89217066506758,2.4917,75.7736,26.7685,38.8325,20.4115,36.7423,125.6845,1.8455,12.9075,-48.5839,0.0722,-3.1663,-39.8144,7156.81690085647,3.37,3669.37065950443,15.381,31.7027553576399,170862.0,0.0344542385478408,0.0,1.64590872395887,41418.1766484844,1.28216603702126,40960.0,465226518642.117,538950.0,73.1468,47.0763,2.6762,3.3479,0.0967,0.0607,0.1936,0.158,19.5375,27.7948,1.208,0.0078,0.1251,2.8388,0.2607,1.232,1.8041,124.609607570276,20.6322837667141,33.2,25.8,452.3491,6.73556026125002,412.5347,52834442.0,78.6714432536599,0.389849816707503,10.63149925663719
114,France,FRA,2019,100.0,100.0,100.0,52.915574914185,285188.491,46.78,-16.1250278908492,322.9043,4.79214044818249,2.5128,73.6803,24.4693,37.7628,21.3556,35.954,125.301,1.8684,10.1394,-49.6312,0.0656,3.5246,-36.5979,7059.07466974036,3.26,3605.53190025511,13.4684,31.8575006957974,171696.0,0.0269667464323604,0.0,2.02744646419237,40408.2848574751,1.68870844116209,42720.0,460342807442.352,538950.0,72.3377,46.1117,2.7011,3.3537,0.0929,0.0624,0.204,0.1637,19.648,27.784,1.1821,0.0066,0.1196,2.8091,0.2484,1.2244,1.8168,125.024698023935,20.6671197714216,35.0,26.3,443.9014,6.58782758218096,407.3035,53022323.0,78.6890784549356,0.354972490012461,10.606814860748763
115,France,FRA,2020,100.0,100.0,100.0,52.729670655905,284186.56,47.17,-25.4286878715912,287.0868,4.24677642127474,1.9242,71.5744,18.6138,34.1589,20.533,32.6875,105.8582,1.7367,10.116,-51.8928,0.0582,1.8759,-39.2143,6685.6150734803,3.18,3228.48915727036,12.0825,32.0122460339549,172530.0,0.023313365090433,0.0,-7.44064589948231,39169.8606000707,-7.74056751254994,39690.0,430887771120.624,538950.0,71.0009,45.2754,2.4262,3.3337,0.0893,0.0568,0.1949,0.1417,19.4829,24.2845,1.2309,0.0055,0.1148,2.6858,0.2365,1.0353,1.8228,125.431134613601,20.7051375765369,36.2,27.3,401.5864,5.94052967473463,362.3721,53210127.0,78.7119131765249,0.353572181852013,10.57568839731642
116,France,FRA,2021,100.0,100.0,100.0,52.7417272474256,284251.539,46.41,-17.7354630556318,316.7044,4.66820869200128,2.038,74.4371,18.5435,44.6194,21.4085,34.9626,118.7937,1.9017,10.074,-47.1758,0.0493,2.4381,-36.4301,6950.69961060428,3.23,3469.83398574773,10.7547,32.1669913721124,173364.0,0.0252966547056052,0.0,6.88233783360239,43725.0999521245,6.50155219757207,44300.0,477231812073.248,538950.0,69.9088,44.1227,2.754,3.2378,0.1142,0.0641,0.203,0.1667,19.2464,25.9997,1.2305,0.0052,0.1491,2.8844,0.2579,1.1569,1.8265,125.879601076167,20.739727414262,36.4,28.0,430.8782,6.35112539779638,394.4481,53417028.0,78.7364603392338,0.388083616553456,10.685700455708174
120,Germany,DEU,2017,100.0,100.0,100.0,47.7631164667831,166870.0,11.26,-23.523701354871,774.4767,9.36976518940283,1.2335,132.4329,34.0835,95.1388,44.2089,303.8873,163.4918,0.1641,0.6177,-47.6016,42.6782,1.6773,-5.1206,6947.26382648139,2.95,3763.19404182465,15.3414,32.6845464693591,114190.0,0.0287237586419939,0.0,2.797906720551,45553.9341495339,2.4144426920242,44730.0,978067795457.649,349370.0,64.8481,38.988,2.9682,11.2639,0.2158,0.2439,0.463,0.2767,10.4285,24.1144,0.5,0.0198,0.2785,4.6713,2.3619,1.5854,2.2591,236.588722557747,5.28724017244496,38.8,37.8,890.4565,10.7729106845661,885.3359,66939157.0,80.9842544038853,0.558459225538694,10.72667422063125
121,Germany,DEU,2018,100.0,100.0,100.0,47.6415364359723,166450.0,11.73,-26.2667897433953,746.6974,9.00657809367265,0.8856,128.1538,31.3645,98.3399,43.18,287.1136,157.66,0.1627,0.6284,19.6156,57.8503,2.4024,75.8745,6815.82136213371,2.85,3659.22924485198,14.4681,32.6836109680005,114190.0,0.0390078720598987,0.0,1.13569604599849,48916.1686612154,0.832212527052548,48770.0,1048355756488.63,349380.0,63.3601,37.9388,3.1253,11.1641,0.2137,0.2395,0.434,0.2617,9.9831,22.7145,1.0701,0.0197,0.2752,4.6686,2.282,1.5136,2.2365,237.294012250272,5.28026653006234,38.8,37.8,859.3059,10.3648488593956,935.1804,67271661.0,81.1423036204018,0.495496093754333,10.797883711209074
122,Germany,DEU,2019,100.0,100.0,100.0,47.7002776267209,166660.0,12.46,-31.223550945313,696.5002,8.38218043063623,0.8402,130.0849,30.9714,93.4304,42.0722,239.0624,160.0386,0.1544,0.6265,14.8824,52.7059,1.8019,64.3793,6580.29256436905,2.76,3570.88159282488,13.7767,32.6826755201923,114190.0,0.0317055151606088,0.0,0.977734697038784,47656.199739747,0.750266426253219,50350.0,1011419471694.12,349390.0,61.1892,37.1083,3.1231,10.3411,0.2108,0.2341,0.4262,0.2704,9.4753,22.9741,1.0849,0.0193,0.2711,4.6456,1.7983,1.535,2.2488,237.822954291766,5.26471473909112,38.5,37.4,806.0433,9.70050026619583,870.4226,67559064.0,81.3053991689039,0.426317421770722,10.771788993990526
123,Germany,DEU,2020,100.0,100.0,100.0,47.4970663155786,165950.0,12.62,-36.5965453199639,642.0878,7.72103264767393,0.7343,131.286,27.5327,93.3577,42.7689,203.9563,142.452,0.0653,0.6018,20.7862,53.758,1.4119,69.0941,6367.10502947955,2.69,3349.19931383762,12.2936,32.6826755201923,114190.0,0.0279043537379829,0.0,-4.13191443239947,47394.8734504469,-4.21020011825779,48540.0,994625513869.263,349390.0,59.1435,36.2948,2.9747,9.7297,0.2139,0.2409,0.4221,0.2497,9.0176,22.2076,1.0736,0.0191,0.2758,4.7643,1.5212,1.3784,2.2619,238.017318755545,5.25753018036619,38.8,37.8,747.0268,8.98291216791128,816.1209,67751166.0,81.4700055002738,0.283943245187797,10.76629044588595
124,Germany,DEU,2021,100.0,100.0,100.0,47.4856177910072,165910.0,12.13,-33.7744701894418,670.667,8.06128144646434,0.6312,129.4105,29.2436,93.7444,44.2425,233.5224,139.8724,0.0649,0.5903,12.5664,47.7608,1.553,54.8808,6582.54587433797,2.7,3467.03057027911,11.6421,32.6826755201923,114190.0,0.0308696938217838,0.0,3.90999994204108,52349.2459994422,3.86602720371127,52850.0,1095652775565.87,349390.0,58.624,35.1529,3.456,10.2365,0.2135,0.2573,0.433,0.2107,8.664,20.9928,1.1156,0.0188,0.2739,4.9266,1.7969,1.3881,2.2428,238.118085806692,5.25183710588355,38.5,37.5,773.6886,9.29958020376874,828.5694,67915111.0,81.6325870653934,0.241688772523701,10.865711915417387
128,Greece,GRC,2017,100.0,100.0,100.0,46.9630783553142,60535.408,6.23,-12.22750749579,68.3839,6.35852543809071,0.2111,6.2462,4.6226,5.2659,5.027,30.1249,16.8835,0.0028,0.0494,-2.1575,0.2444,-1.9967,-3.8368,5616.3461503593,3.15,2148.0515638287,6.0901,30.2699767261443,39018.0,0.0140801305465245,0.0,1.47312472702352,18631.9930129293,1.67402014860588,17890.0,27139404099.4706,128900.0,11.9723,4.5646,0.2786,2.6285,0.0106,0.0028,0.0223,0.0666,4.3983,2.7097,0.0447,0.006,0.0154,0.7703,0.0817,0.1332,0.2186,83.4342823894492,37.6929458124009,8.6,35.0,90.4258,8.40804267612264,86.589,8376769.0,77.8895342613411,0.0300160756605159,9.832689106243674
129,Greece,GRC,2018,100.0,100.0,100.0,46.1108642358417,59436.904,7.35,-14.5997196779891,66.5357,6.19923893694163,0.1875,5.491,4.69,5.0777,4.7127,29.2055,17.1689,0.0024,0.0494,-2.153,0.2444,-2.7887,-4.6801,5059.03260652637,3.01,2089.36044213673,5.8476,30.2699767261443,39018.0,0.0130537021585132,0.0,2.06467207892409,19873.4015238771,2.27195132202993,19060.0,29180155382.6557,128900.0,11.6946,4.2431,0.2692,2.584,0.0111,0.0027,0.0223,0.0653,4.4969,2.5722,0.0418,0.0054,0.016,0.7675,0.0804,0.1348,0.2243,83.2651823118697,37.6701969245476,11.0,35.2,87.9204,8.19168607276219,83.2403,8376914.0,78.0490656849874,0.00173096267851863,9.897187827062973
130,Greece,GRC,2019,100.0,100.0,100.0,45.4892645461598,58635.662,7.46,-21.0725397379554,61.4927,5.7354129269356,0.1919,6.0059,4.2149,4.5942,4.6176,24.3154,17.5507,0.0021,0.0428,-2.2699,0.2444,-3.1728,-5.188,5118.46106292896,2.91,2058.5433840771,5.4051,30.2699767261443,39018.0,0.00955674982509031,0.0,2.27718065334808,19335.3602002969,2.38497557963629,19770.0,27807891235.7411,128900.0,11.3774,4.199,0.2565,2.3188,0.0096,0.002,0.023,0.065,4.5034,2.5856,0.0409,0.0048,0.0137,0.7488,0.0607,0.1294,0.2215,83.1775174553918,37.6252299722405,11.0,35.2,82.0806,7.65564260945819,76.8926,8383077.0,78.1888100466875,0.0735441955521784,9.869742550690205
131,Greece,GRC,2020,100.0,100.0,100.0,43.6358456167572,56246.605,8.99,-32.7938247011952,52.3606,4.89415483279633,0.1935,6.7381,4.1045,4.1916,4.0982,18.1966,14.8361,0.0019,0.0443,-2.2623,0.2444,-3.2371,-5.1826,4851.28940714574,2.85,1839.48818892263,5.0921,30.2699767261443,39018.0,0.0090645421930376,0.0,-9.19623149726978,17886.733165236,-9.00116455331775,18030.0,27356491148.8919,128900.0,11.1187,4.197,0.2428,2.0071,0.0092,0.0011,0.0209,0.053,4.5877,2.5952,0.0407,0.0046,0.0128,0.7096,0.0372,0.1086,0.2031,82.999216446858,37.6397844854649,11.0,35.2,72.2833,6.75633323578162,67.1007,8377718.0,78.3066842455552,-0.0639468495690935,9.791870458873307
132,Greece,GRC,2021,100.0,100.0,100.0,44.3128673390225,57119.286,10.66,-31.0552891526677,53.7151,5.08222613106168,0.148,6.0017,4.5613,4.3449,3.8533,18.8521,15.9518,0.0021,0.0439,-2.1534,0.2444,-3.3868,-5.2241,4994.41443430903,2.71,1924.00171997177,4.9367,30.2699767261443,39018.0,0.0085764844946007,0.0,8.65449786002131,20654.7001960815,9.98468495798464,20350.0,32246086336.8948,128900.0,11.3163,4.1691,0.2602,1.9712,0.0086,0.0008,0.023,0.0549,4.8285,2.3678,0.0411,0.0049,0.0121,0.7553,0.0358,0.1182,0.2028,81.9953995345229,38.0596139404001,11.0,35.2,73.506,6.95473179775928,68.2819,8285042.0,78.3884898647442,-1.11238421055086,9.93574659884871
136,Hungary,HUN,2017,100.0,100.0,100.0,58.1087004163927,53030.0,17.04,-29.2991525786965,51.1346,5.2571073027842,0.1681,12.0822,3.2974,6.5068,4.32,12.0122,12.7272,0.0206,0.3023,-5.0175,0.0592,-0.1402,-5.3946,4352.6330875371,3.81,2737.45332524366,2.051,22.5429541968004,20572.7,0.111355382946451,0.0,4.12418389451805,14736.1668157258,4.47743568209606,13310.0,36061326369.4887,91260.0,11.187,3.5175,0.6665,2.1453,0.0144,0.0061,0.0335,0.0207,4.7831,4.5381,0.1887,0.0017,0.0189,0.3881,0.0532,0.1126,0.195,106.582905982906,25.6088907009326,22.6,22.6,69.8689,7.18316569265231,64.4743,6852913.0,70.4542541503906,-0.365831099004188,9.598127936666453
137,Hungary,HUN,2018,100.0,100.0,100.0,58.031996493535,52960.0,16.82,-29.1264605884801,51.2595,5.28069332491601,0.1708,11.5257,3.7927,6.7878,4.1505,11.2875,13.5241,0.0205,0.3698,-4.3613,0.0595,-0.1727,-4.8251,4435.78445330589,3.61,2738.8272901507,2.0736,22.5281612973921,20559.2,0.105035116695526,0.0,5.60613813768876,16605.0570511887,5.82146361803679,15180.0,40247414681.0833,91260.0,11.1491,3.596,0.5527,2.1568,0.0162,0.0059,0.0338,0.0209,4.7668,4.6658,0.1893,0.002,0.0211,0.3827,0.0526,0.1198,0.1959,106.366031119877,25.7213389679169,22.6,22.6,70.1115,7.22280416410322,65.2864,6840612.0,70.4711761474609,-0.179661603696541,9.717522790392897
138,Hungary,HUN,2019,100.0,100.0,100.0,57.8347578347578,52780.0,17.72,-28.7900637812771,51.5028,5.31240175169761,0.167,11.2667,3.5949,6.6414,4.577,10.8952,14.3388,0.0217,0.3864,-5.019,0.0597,-0.1445,-5.4148,4495.49161490709,3.46,2749.24131881139,2.1179,22.5122726276572,20544.7,0.0924560080129208,0.0,5.07718495088933,17012.8598553199,5.2087641343076,16840.0,40630069497.0068,91260.0,11.0864,3.6067,0.5146,2.1312,0.0177,0.0058,0.0335,0.0212,4.7556,4.6503,0.1853,0.0025,0.0231,0.3785,0.0492,0.126,0.1967,106.233004602235,25.8235543513078,22.6,22.6,70.3185,7.2532002643885,64.9037,6830636.0,70.4565277099609,-0.145941347427049,9.741783576480623
139,Hungary,HUN,2020,100.0,100.0,100.0,53.8754394039009,49166.726,18.0,-31.3489193961173,49.6521,5.13443109342005,0.1609,11.8877,3.3786,6.5896,4.5947,10.7519,12.2709,0.0177,0.2433,-6.7907,0.0584,-0.0219,-7.1294,4494.94484158339,3.56,2713.17923384455,2.16,22.4962743808898,20530.1,0.0843097428263276,0.0,-4.33872540024058,16386.9308821258,-4.09730738033811,16330.0,38602424268.6609,91260.0,11.1283,3.6804,0.5092,2.1028,0.0175,0.0061,0.0331,0.0179,4.7612,4.8071,0.1874,0.0024,0.0228,0.3662,0.0476,0.1096,0.1975,105.965581854043,26.0106171308443,22.6,22.6,68.681,7.10217416639341,61.5516,6797505.0,70.2917327880859,-0.486215475310381,9.704300421067302
140,Hungary,HUN,2021,100.0,100.0,100.0,55.2672430418584,50436.886,17.61,-29.504613185151,50.986,5.29398400902426,0.145,12.5769,3.0344,6.8821,4.7063,10.0232,13.6,0.0182,0.3852,-6.7348,0.0584,0.0028,-7.2218,4757.79498806554,3.48,2850.7057950255,2.1696,22.4803495507342,20515.567,0.0781133973061465,0.0,7.22291580811137,19030.628130329,7.66253175353751,18070.0,43800341425.4651,91260.0,11.0753,3.5988,0.5255,2.0998,0.0204,0.0065,0.0351,0.0183,4.771,4.7649,0.1862,0.0022,0.0263,0.3703,0.0473,0.1219,0.1946,105.532895025203,26.2052640803019,22.6,22.6,69.9447,7.26250585093945,62.7229,6761485.0,70.2059275331413,-0.53130926026005,9.853857512612047
144,Ireland,IRL,2017,100.0,100.0,100.0,65.1618522281899,44890.0,5.25,18.3183257470809,38.2632,7.92618041220563,0.167,8.3282,0.5593,3.8838,2.037,11.6039,11.6747,0.0092,0.2046,-5.9666,6.4453,1.1502,0.9645,5829.58480106972,1.51,2854.85820468032,1.2422,11.1775293946872,7700.2,0.0142275300536967,0.0,10.1088576065965,72161.4047531385,8.63259519638329,54410.0,126293816470.445,68890.0,20.7981,17.3515,0.1718,1.3001,0.012,0.0,0.0201,0.0111,1.9317,8.727,0.0763,0.0006,0.0155,0.1391,0.4091,0.1194,0.1167,70.0746842792858,39.1360431109061,4.0,14.4,69.9073,14.4812214328698,70.8718,3036633.0,62.9035196521232,1.63730061762284,11.186674479474169
145,Ireland,IRL,2018,100.0,100.0,100.0,65.5537813906227,45160.0,6.01,17.5823768058579,38.0252,7.76337876800063,0.1648,8.9672,0.5522,4.1123,2.1176,10.261,11.8423,0.0078,0.395,-5.5501,6.3193,-0.2127,0.1257,5923.81986034362,1.41,2820.44138030583,0.9277,11.2355929743069,7740.2,0.0179594813091044,0.0,7.68865937437435,80804.1123164826,6.13694267880518,59110.0,145839126364.049,68890.0,19.0219,15.5296,0.1817,1.3081,0.0123,0.0,0.0224,0.0104,1.9575,8.3584,0.0816,0.0006,0.0158,0.14,0.3947,0.1217,0.1189,71.0991725939904,38.8824844897391,4.0,14.4,67.2065,13.7211511095704,67.3322,3089890.0,63.0844503476779,1.73861557460969,11.299795513751242
146,Ireland,IRL,2019,100.0,100.0,100.0,65.6699085498621,45240.0,7.08,12.4610379972294,36.369,7.30821291296457,0.1738,8.7059,0.5238,4.0201,2.0951,9.0105,11.8293,0.0106,0.1433,-5.0118,6.3836,-0.3597,0.289,5926.10484248228,1.33,2747.90158131447,0.9129,11.2936565539265,7780.2,0.0141042059529149,0.0,4.97288003766816,81827.6688873996,3.31840085150145,62460.0,146111297560.384,68890.0,18.9552,15.5657,0.164,1.2845,0.0117,0.0,0.0222,0.01,1.8971,8.2011,0.0818,0.0005,0.0151,0.1385,0.3591,0.1228,0.1224,72.237712294963,38.5756678442626,4.0,14.4,65.2785,13.1174675311105,65.5675,3148788.0,63.2737009154127,1.88821253224221,11.312382936584767
147,Ireland,IRL,2020,100.0,100.0,100.0,65.495717811003,45120.0,8.35,6.04251187413418,34.2933,6.80456776897729,0.1839,9.094,0.552,4.0637,1.9962,8.4307,9.9622,0.0106,0.1844,-4.7855,6.6032,-0.2925,0.9005,5951.88607682092,1.21,2633.97691248454,0.763,11.3517201335462,7820.2,0.0116072087265736,0.0,7.15369505735335,86514.0706108754,5.80801946810749,64420.0,162109763547.448,68890.0,18.9124,15.583,0.1741,1.2591,0.0114,0.0,0.0228,0.008,1.8539,8.2851,0.0863,0.0006,0.0147,0.1328,0.1875,0.1036,0.1264,73.1564377993903,38.3950518867261,4.0,14.4,62.9056,12.4818964126572,63.8061,3198795.0,63.4713366724915,1.57565594952931,11.368073904459582
148,Ireland,IRL,2021,100.0,100.0,100.0,62.9554362026419,43370.0,6.84,12.5030922224421,36.3826,7.11906758228265,0.1731,8.7395,0.5063,4.0141,2.3566,9.9614,10.6198,0.0119,0.0199,-4.0712,5.8766,-0.4079,0.4547,6106.1502743815,1.09,2689.36333693732,0.8043,11.4097837131659,7860.2,0.0117159689556259,0.0,16.2581881158197,103783.446284479,14.6467292457005,74070.0,201797042879.45,68890.0,19.0845,15.916,0.1542,1.2467,0.0112,0.0,0.022,0.0083,1.7261,8.279,0.0762,0.0005,0.0145,0.1362,0.0837,0.1108,0.1284,74.1847147626651,38.163574286119,4.0,14.4,65.1008,12.7384242704113,65.5555,3254289.0,63.6774229356985,1.71996422325885,11.550071395369551
152,Italy,ITA,2017,100.0,100.0,100.0,43.3743295977925,128265.7,8.11,-18.8650123516192,345.6817,5.7611454316748,0.8821,70.7581,13.6154,31.923,21.8091,109.0679,97.6111,0.015,1.9017,-29.641,0.8752,-1.2258,-28.0306,5248.5196722283,2.54,2557.32535513975,17.5438,31.8029338761929,94047.0,0.0102964352434856,0.0,1.60369995294101,32844.115660604,1.79499729937032,31790.0,409764395512.118,295718.0,48.129,22.1356,2.5715,4.481,0.048,0.0415,0.2496,0.3805,18.2214,9.3621,0.9756,0.0107,0.0584,1.6364,0.4839,0.8713,1.3716,202.903617635721,10.0144913697513,13.3,21.5,426.1244,7.10180677885223,398.0938,41712413.0,69.5180784259382,-0.301452905692446,10.399558326727101
153,Italy,ITA,2018,100.0,100.0,100.0,41.948748469826,124050.0,8.84,-20.1109239950007,340.3734,5.65886939655412,0.8418,71.2987,13.5604,32.2262,21.1065,101.1224,100.2026,0.0148,1.8996,-47.7065,0.8752,-5.4165,-50.0841,5247.31574227309,2.47,2503.3498604998,17.9952,31.9848977742309,94585.1,0.0109482395857409,0.0,0.826646712344115,34904.1081923834,0.581227670101029,34120.0,440599011390.117,295718.0,48.6083,22.8164,2.3924,4.4895,0.0506,0.0392,0.2417,0.3776,18.201,9.5074,0.9908,0.0105,0.0622,1.5932,0.4501,0.9017,1.3804,203.398704170865,10.0731755349021,13.4,21.5,421.8733,7.01384393314311,371.7892,41791290.0,69.4800033569336,0.188918624266272,10.460388464023918
154,Italy,ITA,2019,100.0,100.0,100.0,44.3699956377212,131209.62,8.98,-21.9443384989115,332.562,5.56784056329278,0.8355,68.7628,13.5866,31.171,20.9802,96.2917,100.9187,0.0156,1.8967,-44.528,0.8608,-4.9845,-48.1942,5260.0173104957,2.43,2494.02659804115,18.0291,32.1669704480973,95123.2,0.0125399040100598,0.0,0.429162533780342,33812.788724868,1.13464411867925,35030.0,424365807330.98,295717.0,48.3559,22.7972,2.3867,4.4912,0.051,0.0363,0.2482,0.3898,17.9555,9.2871,0.9486,0.0101,0.0622,1.5707,0.3751,0.9103,1.3805,201.980545589195,10.1988433108679,13.3,21.5,413.4916,6.92278523421447,365.2974,41514698.0,69.5050010681153,-0.664041140382544,10.428623948721835
155,Italy,ITA,2020,100.0,100.0,100.0,42.332263616904,125183.7,9.77,-30.7104322773335,295.2134,4.96667406979317,0.903,67.0095,11.4134,29.4835,19.206,86.5088,80.6748,0.0144,1.8927,-41.1774,0.8608,-1.4064,-40.4766,4969.24141417202,2.47,2313.10006204514,16.8407,32.3489349614665,95661.3,0.0098932690402957,0.0,-8.86822122185345,32091.4866621366,-8.42323993924451,32600.0,399888226064.904,295717.0,49.0779,22.9137,2.3015,4.5653,0.0506,0.0323,0.242,0.3091,18.6633,9.4939,0.9419,0.0085,0.0615,1.4118,0.3312,0.734,1.3813,200.999100491348,10.30236673494,14.0,21.5,375.4962,6.31735293806403,335.0196,41321146.0,69.5187492370606,-0.467315458844802,10.376377221352127
156,Italy,ITA,2021,100.0,100.0,100.0,41.9422315930434,124030.309,8.92,-22.4638927844246,330.3484,5.58651571090224,0.6211,69.3226,13.0514,42.0062,22.2143,84.9906,98.1237,0.0186,1.886,-42.0073,0.8608,0.3539,-39.2648,5290.22854904133,2.51,2531.08698798735,16.1933,32.5308994748357,96199.4,0.0099675453738169,0.0,8.93106210800055,36852.5425414951,9.49416108466208,36760.0,491569936304.256,295717.0,48.7475,22.5396,2.5904,4.5404,0.0629,0.0347,0.2332,0.3537,18.3924,8.4652,0.9714,0.0122,0.0783,1.514,0.3315,0.8897,1.3805,199.965416259464,10.4130391543999,14.5,21.5,408.9319,6.91543983273145,369.6671,41086468.0,69.4812507629394,-0.569555707316573,10.514707027094456
168,Latvia,LVA,2017,100.0,100.0,100.0,31.0636861812397,19330.0,8.85,-62.1180380343645,7.4321,3.82654532273942,0.1814,1.2494,0.0285,0.6196,0.5424,1.5713,3.2393,0.0002,0.3998,-6.5594,3.8801,0.4747,-4.2994,3600.46708762218,3.31,2265.21693915892,0.4285,54.6254841146126,33991.8,1.1708609951596,0.0,3.39894872623931,15132.4958333982,4.31935869681359,14360.0,5812590355.49766,62227.0,2.2557,1.2454,0.2211,0.1717,0.0138,0.0,0.0193,0.0077,0.5768,1.9689,0.0653,0.0004,0.0175,0.0448,0.0216,0.0415,0.056,31.2123033409935,48.477645495732,17.5,18.2,12.3325,6.34960108080945,8.0331,1320159.0,67.9706866054779,-0.827376795111087,9.624665833193427
169,Latvia,LVA,2018,100.0,100.0,100.0,31.1440371542899,19380.0,4.74,-58.6734355806332,8.1079,4.20714476222697,0.1818,1.2791,0.0299,0.7563,0.6617,1.9582,3.2407,0.0003,0.4056,-5.9299,3.9021,2.028,-1.891,3728.25702297769,3.35,2403.49981780927,0.4239,54.6876757677536,34030.5,0.993976242728764,0.0,4.30971286294503,17252.1710428626,5.12560422080688,16010.0,6431931746.92392,62227.0,2.2033,1.1922,0.2235,0.1686,0.0164,0.0,0.0206,0.0074,0.5746,1.9199,0.0669,0.0003,0.0208,0.0465,0.0226,0.0423,0.0567,30.9700612274415,48.6035488603412,17.5,18.2,12.9111,6.69949885168646,11.0201,1310787.0,68.0160346376376,-0.712446370389295,9.755751234136849
170,Latvia,LVA,2019,100.0,100.0,100.0,31.4975814357112,19600.0,4.34,-59.6933600419999,7.9078,4.13194121501373,0.1933,1.2635,0.0356,0.6771,0.6712,1.8424,3.2247,0.0,0.7417,-6.8034,3.9442,0.8218,-3.6043,3725.00681881596,3.16,2343.51581884881,0.4221,54.7498674208945,34069.2,1.13001985532043,0.0,0.675372771884227,17294.9751600969,1.37774612596324,17010.0,6487123053.09019,62227.0,2.1884,1.1849,0.2131,0.1715,0.016,0.0,0.0213,0.0066,0.575,2.0153,0.0694,0.0003,0.0203,0.0435,0.0236,0.0397,0.0537,30.755491989008,48.6555284999708,17.5,18.2,12.7841,6.67987932002036,9.1798,1302668.0,68.066323694246,-0.621325113241851,9.758229103713347
171,Latvia,LVA,2020,100.0,100.0,100.0,31.6406877711715,19690.0,5.62,-62.9080844687065,7.2771,3.82914774350693,0.2095,1.2804,0.0259,0.6826,0.6637,1.383,3.0319,0.0,0.7484,-4.2701,3.9906,0.7667,-0.8784,3669.13292595592,3.08,2251.38250119088,0.4148,54.8094166800579,34107.9,1.24316355744522,0.0,-3.46922750780554,17564.2321549354,-2.78996380720736,17350.0,6787535785.5113,62230.0,2.1616,1.1896,0.1867,0.1761,0.0172,0.0,0.0197,0.006,0.5664,2.0939,0.0683,0.0003,0.0217,0.0401,0.0224,0.0332,0.0552,30.5391129680219,48.7168692892901,17.5,18.2,12.1885,6.41348439237254,11.3101,1294607.0,68.1211222872228,-0.620729486315703,9.773676781517532
172,Latvia,LVA,2021,100.0,100.0,100.0,31.6567571910654,19700.0,5.5,-61.6169956827785,7.5304,3.99598830452802,0.2113,1.3535,0.0248,0.6567,0.7078,1.4506,3.1257,0.0,0.7547,-2.4983,4.038,0.8327,0.5442,3838.17372339466,3.1,2375.51850702838,0.4293,54.8716053350474,34146.6,1.09972035164877,0.0,6.94254173062592,20261.8887788916,7.8481957927218,19310.0,8053562628.99212,62230.0,2.1676,1.1743,0.1878,0.1811,0.0175,0.0,0.0226,0.0056,0.5787,2.0742,0.0673,0.0003,0.0222,0.0402,0.026,0.0339,0.0572,30.2826610959344,48.8583988008051,17.5,18.2,12.4485,6.60576601626965,12.9927,1284862.0,68.1808791463693,-0.75558546061657,9.916546352973574
184,Lithuania,LTU,2017,100.0,100.0,100.0,46.8590859022046,29353.0,2.33,-60.241214271275,13.9642,4.91240709777077,0.4652,1.3193,1.549,1.1552,2.7211,1.0635,5.6897,0.0012,0.1212,-7.5376,0.7429,1.3012,-6.3464,4203.84016401661,3.3,2653.39984329273,0.7713,35.0569116074137,21960.0,0.385285598105187,0.0,4.61224310312809,16800.1510246099,5.88872606993294,15260.0,12283258405.4494,62641.0,4.2196,2.317,0.2048,0.2617,0.0049,0.0036,0.0266,0.0153,1.3857,3.517,0.039,0.0014,0.0063,2.211,0.0329,0.0573,0.0835,45.3798470650213,28.0192697258326,17.7,17.0,24.9035,8.76069736607427,18.5571,1907448.0,67.1012954711914,-1.34404396155367,9.729202676414053
185,Lithuania,LTU,2018,100.0,100.0,100.0,47.0541274149768,29470.0,1.87,-60.0868963592931,14.0184,4.97247446083995,0.4345,1.3611,1.4823,1.2399,2.4375,1.0137,6.0486,0.0008,0.9729,-7.4911,0.81,1.5077,-5.269,4330.66118047673,3.22,2711.1618678975,0.619,35.0950023950184,21980.0,0.351605803322247,0.0,4.91836780106811,19247.2315367967,5.79066548228593,17550.0,13879558772.4133,62630.0,3.9307,2.1705,0.2093,0.2619,0.0054,0.0036,0.0258,0.0149,1.2393,3.4304,0.0393,0.0013,0.0069,2.2194,0.032,0.0636,0.0938,45.0135717707169,28.3178543185316,17.8,17.0,24.4549,8.67441118047673,19.1859,1892993.0,67.1464742010457,-0.76070486060873,9.865174467277434
186,Lithuania,LTU,2019,100.0,100.0,100.0,47.5087831363781,29750.0,2.19,-59.295091722353,14.2965,5.08575146500164,0.4332,1.2966,1.4778,1.2785,2.6991,0.838,6.2718,0.0015,0.0059,-7.2802,0.7692,1.7416,-5.5909,4421.41817637222,3.06,2707.60764686504,0.6202,35.1325455126158,22000.0,0.317308048932071,0.0,4.67735183530451,19608.7943945553,4.97938353929399,19200.0,13921857769.7647,62620.0,3.8391,2.1121,0.1978,0.2608,0.0056,0.0036,0.0254,0.0143,1.2195,3.4693,0.0392,0.0013,0.0072,2.1951,0.0316,0.065,0.0919,44.8912328329607,28.4374161855796,17.8,17.0,24.6564,8.77112037363456,19.0655,1890337.0,67.245735168457,-0.140405433114721,9.883784434411067
187,Lithuania,LTU,2020,100.0,100.0,100.0,46.9945704247844,29428.0,2.27,-59.4158127457484,14.2541,5.07196741780172,0.474,1.218,1.3556,1.167,2.6364,1.2912,6.1102,0.0018,0.0895,-7.4093,0.835,1.7041,-5.6327,4438.91887506587,3.0,2674.06840356432,0.5941,35.1485148514851,22010.0,0.302338974212566,0.0,0.0428158336981426,20428.6478157394,0.068446214406265,19800.0,14231118176.7082,62620.0,3.7302,2.077,0.1946,0.247,0.0059,0.0033,0.0271,0.0134,1.162,3.6456,0.0401,0.0012,0.0075,1.9897,0.0333,0.0645,0.0895,44.8797349089748,28.4391188155178,17.8,17.0,24.4498,8.69985400493672,18.8171,1894904.0,67.4254608154297,0.241305756546441,9.924742449079597
188,Lithuania,LTU,2021,100.0,100.0,100.0,46.9222168982591,29378.0,2.14,-59.1945857759885,14.3318,5.10322677130588,0.4111,1.3981,1.3334,1.2577,2.4161,1.4214,6.0921,0.0019,0.0951,-7.4373,0.8452,1.8435,-5.8835,4698.79432270562,2.94,2774.31979458134,0.6074,35.1807490816164,22026.667,0.270178087184519,0.0,6.38001606179873,23870.4594851722,6.45535837727842,22050.0,16664640654.3873,62610.0,3.6555,2.0501,0.1985,0.2475,0.0063,0.0033,0.0337,0.0129,1.1034,3.4649,0.0411,0.0012,0.008,1.9844,0.0416,0.0648,0.087,44.8551349624661,28.1962833695723,17.8,17.1,24.2878,8.64833106630869,18.4043,1915068.0,68.1912117004395,1.05849535200157,10.080438860537539
232,Netherlands,NLD,2017,100.0,100.0,100.0,54.024354024354,18190.0,3.02,2.03733691870007,168.176,9.81688717537774,0.0304,31.3101,12.6937,23.8024,12.0265,58.4663,29.8466,0.0139,0.6931,-2.4174,5.1956,-0.1223,3.4632,6727.97901571486,3.3,4365.20385335267,1.5958,10.8910008910009,3667.0,0.00587042401410181,0.0,2.78154619309936,49513.6817346384,2.17569091526914,46710.0,145226163641.177,33670.0,20.3149,13.3964,0.2844,2.3094,0.0203,0.0907,0.1293,0.0721,4.0123,5.7838,0.1637,0.0065,0.0236,1.6072,0.2124,0.2691,0.5779,508.8,7.19444646233332,21.2,11.2,198.731,11.6004650202763,202.1942,15610374.0,91.1219700676602,1.18739056358927,10.810024505279255
233,Netherlands,NLD,2018,100.0,100.0,100.0,54.1431541431541,18230.0,3.17,-1.04545556586321,163.095,9.46486529650368,0.0272,31.3792,13.1193,23.1563,11.3987,54.1494,29.8648,0.0129,0.7136,-2.4059,5.1841,-0.2612,3.3672,6790.77027214614,3.16,4251.16716726453,1.2946,10.9186219186219,3676.3,0.00617904324612337,0.0,2.2587403735731,53955.0770024266,1.66335743670078,51290.0,161068023683.137,33670.0,19.1385,12.541,0.2944,2.1151,0.0194,0.0892,0.1273,0.072,3.8802,5.5022,0.1779,0.0067,0.0223,1.5991,0.1963,0.2688,0.5825,511.779744579745,7.09187369497592,21.2,11.2,191.8839,11.1355667927759,195.2511,15957560.0,92.6062472401044,2.19970048875043,10.895925605722265
234,Netherlands,NLD,2019,100.0,100.0,100.0,53.959013959014,18168.0,3.75,-4.15227453780864,157.9744,9.10784361996519,0.1135,30.1164,13.8054,22.491,11.1696,50.8374,29.4412,0.0071,0.7346,-2.3943,5.1726,-0.6231,3.0162,6757.32784222013,3.03,4129.40909477343,1.2988,10.9465399465399,3685.7,0.00462812658848738,0.0,2.30009157916757,53554.9007491475,1.63214291771632,52940.0,158960902494.117,33670.0,19.0272,12.6543,0.3019,2.0203,0.0194,0.0896,0.1436,0.0719,3.7261,5.5884,0.1716,0.0069,0.0226,1.585,0.1835,0.2642,0.5777,515.143272943273,7.00235946205444,25.3,22.5,186.7,10.7639871007423,189.7162,16285068.0,93.8898028856479,2.03159162127433,10.888481261199246
235,Netherlands,NLD,2020,100.0,100.0,100.0,53.8892188892189,18144.5,4.82,-13.7470945242058,142.1604,8.15069804775965,0.1445,28.5542,12.1112,22.4366,11.2519,42.6104,25.0517,0.0004,0.7552,-2.3935,5.1611,-1.0216,2.6328,6643.57996731932,3.05,3975.37813564997,1.2477,10.974160974161,3695.0,0.0038449159650371,0.0,-3.86795333823223,53467.9277413737,-4.40052537279003,51490.0,162074201271.596,33670.0,18.4767,12.4731,0.3061,1.8091,0.0177,0.0945,0.1654,0.0606,3.5503,5.6035,0.1792,0.0061,0.02,1.6497,0.1821,0.2256,0.5926,518.013068013068,6.98923066525776,25.3,22.5,170.3436,9.76656824241034,172.9764,16439177.0,94.2532277765935,0.94187132064814,10.886855974279458
236,Netherlands,NLD,2021,100.0,100.0,100.0,53.8164538164538,18120.0,5.28,-11.4813239565315,145.8948,8.32113351224123,0.1528,30.9099,13.3789,22.2785,11.0696,42.8864,25.2186,0.0,0.8108,-2.3978,5.1495,-0.9976,2.6899,6708.8179325849,2.95,4057.79129205731,1.2501,11.001980991981,3704.367,0.0038528051239681,0.0,6.2768306708326,60141.9880911492,5.72193522957718,59560.0,186706202608.524,33670.0,18.1256,12.3036,0.3149,1.7931,0.0168,0.0946,0.1772,0.0618,3.3636,5.4314,0.167,0.0065,0.0189,1.6331,0.2258,0.2258,0.6107,520.731927531928,6.97660864393348,25.3,22.5,173.5896,9.90071090906975,176.2795,16591428.0,94.6294783220315,0.921884889970005,11.004480140894351
240,North Macedonia,MKD,2017,100.0,100.0,100.0,50.1982553528945,12660.0,4.12,-28.6849207342139,7.9803,4.20312884317705,0.024,0.2904,0.0019,0.8717,0.4989,4.1395,2.1344,0.0195,0.0,-2.7,0.0,0.0,-2.7,3464.55415591126,3.52,1438.49195928251,0.5728,39.7101506740682,10014.9,0.14891142080154,0.0,1.08177273813243,5955.2973863451,1.48936718625188,5390.0,2742975280.66078,25220.0,1.676,0.8608,0.0791,0.155,0.0017,0.0011,0.0017,0.0061,0.5705,0.3079,0.013,0.0,0.0026,0.0343,0.0137,0.0219,0.0797,75.2837827121332,50.7728357469482,9.7,9.7,10.7022,5.63672111392421,8.0022,1134329.0,59.7437719356273,0.204382287068939,8.692204323105615
241,North Macedonia,MKD,2018,99.8,99.8,99.8,50.1189532117367,12640.0,6.56,-32.5954853353827,7.5427,3.99285143704431,0.0148,0.2735,0.0024,0.9356,0.5554,3.6073,2.1341,0.0196,0.0,-3.1,0.0,0.0,-3.1,3457.82088466643,3.25,1370.12165061411,0.5909,39.7101506740682,10014.9,0.14829259459869,0.0,2.88059670964267,6713.98925398989,3.40375411089484,6050.0,3050332403.78645,25220.0,1.6501,0.8534,0.0666,0.1468,0.002,0.0015,0.0015,0.0061,0.5722,0.2963,0.0116,0.0,0.003,0.0326,0.0119,0.0219,0.0805,74.9028945281523,51.4079351223496,9.7,9.7,10.2414,5.42145235888285,7.1414,1136416.0,60.1580316016216,0.183816376355572,8.812097508656711
242,North Macedonia,MKD,2019,100.0,100.0,100.0,50.1586042823156,12650.0,4.1,-22.4517881717932,8.6778,4.62504703500897,0.0241,0.2658,0.004,1.0683,0.6743,4.3149,2.3068,0.0196,0.0,-3.5,0.0,0.0,-3.5,3580.52340238197,3.4,1503.51336885666,0.625,39.7101506740682,10014.9,0.140752635201967,0.0,3.91041953840173,6718.85826635458,4.61869501137757,6520.0,2988141342.96197,25220.0,1.5844,0.7414,0.0699,0.157,0.0022,0.0026,0.0018,0.0066,0.6028,0.2789,0.0119,0.0,0.0033,0.0352,0.0142,0.0237,0.0827,74.3957969865186,51.8438261777693,10.6,10.6,11.3372,6.04243970191796,7.8372,1137553.0,60.6286848102132,0.100001371588843,8.812822341978487
243,North Macedonia,MKD,2020,100.0,100.0,100.0,50.0396510705789,12620.0,4.91,-32.2585834033351,7.5804,4.08399438830595,0.0381,0.2257,0.0031,1.0655,0.7381,3.5393,1.9508,0.0197,0.0,-1.5,0.0,0.0,-1.5,3581.11850285865,3.26,1388.54646388838,0.6634,39.7101506740682,10014.9,0.14028307398639,0.0,-4.68845000956652,6659.59651070776,-3.65436823824773,6460.0,2811319561.19132,25220.0,1.5783,0.7382,0.0694,0.1274,0.002,0.0031,0.0017,0.0051,0.6315,0.3075,0.0117,0.0,0.0032,0.0296,0.011,0.02,0.0834,73.5973037272006,52.4382197564643,9.0,9.0,10.2885,5.54300251491818,8.7885,1135193.0,61.1593302746435,-0.207678363374453,8.803964325695961
248,Norway,NOR,2017,100.0,100.0,100.0,2.69802778789613,9851.12,41.71,30.5556167522196,47.4084,8.98402264330578,0.0054,2.7005,14.1136,6.3721,7.9079,2.2606,13.9547,0.0936,1.9064,-21.6112,4.3741,-0.5131,-16.0802,24007.5361457564,3.74,5673.5093152418,1.5526,33.2945336229161,121566.0,0.041236013714752,0.0,2.46374626574153,76131.8384032764,1.63950712591077,76230.0,122505661898.045,365123.0,9.182,2.8323,0.1868,4.3501,0.0298,0.1239,0.02,0.0306,1.6086,2.2956,0.0642,0.0136,0.0277,1.1662,0.0236,0.122,0.1353,14.452576255125,23.0596303943402,5.1,17.1,61.9913,11.7475224409168,45.9111,4325529.0,81.9699745912375,1.16205265194033,11.240234967242131
249,Norway,NOR,2018,100.0,100.0,100.0,2.70133768638321,9862.8,41.75,28.4406600427397,46.6404,8.78033462878555,0.0051,2.6815,13.5834,6.4709,7.5903,2.2705,13.9477,0.0909,1.861,-18.4236,4.375,-0.542,-13.1117,24357.3128791946,3.65,5539.19011908654,1.5739,33.3172650284299,121644.0,0.0527288108491556,0.0,0.828931500516902,82792.8427113304,0.165560788690883,80970.0,143567291730.71,365108.0,9.0543,2.8133,0.1839,4.2932,0.0308,0.1155,0.0212,0.0333,1.5631,2.291,0.0641,0.0134,0.0286,1.1692,0.025,0.1219,0.1372,14.5488896436123,23.1694216966364,5.1,17.1,61.1188,11.5059801397462,48.0071,4368797.0,82.2452112401723,0.995324012510003,11.324108974218527
250,Norway,NOR,2019,100.0,100.0,100.0,2.69589201685045,9842.54,40.29,24.8777290652332,45.3466,8.47933467666537,0.0062,2.4754,13.1445,6.3395,7.5092,2.1974,13.5958,0.0785,2.1817,-14.7116,4.5868,-0.4177,-8.8348,23926.0449343069,3.43,5220.68866140147,1.5749,33.3399069828592,121722.0,0.0444070979953125,0.0,1.12374694968757,76430.5889473338,0.44339856309783,82430.0,121905340909.091,365094.0,8.7824,2.7592,0.1717,4.153,0.0325,0.1134,0.0216,0.0347,1.4962,2.2962,0.0616,0.0124,0.0314,1.1626,0.0255,0.1189,0.1372,14.6479975020132,23.2736756662045,5.0,16.8,59.5497,11.1351641841951,50.7149,4411671.0,82.4935894878281,0.976584408637111,11.244151357597355
251,Norway,NOR,2020,100.0,100.0,100.0,2.70656765993659,9859.62,47.15,20.3649952633782,43.7079,8.12493784244745,0.0056,2.3931,12.7581,6.5,7.3307,1.8108,12.8251,0.0846,1.9405,-21.1236,4.1546,-0.4844,-15.9634,23863.2952100344,3.44,5145.72221927617,1.4458,33.4353596771758,121800.0,0.0411857622932454,0.0,-1.27817177234034,68340.0181033702,-1.85769609648001,78610.0,98831507213.0277,364285.0,8.8206,2.7569,0.1855,4.202,0.0341,0.1114,0.0201,0.0337,1.477,2.3008,0.0639,0.0121,0.0326,1.1698,0.024,0.1119,0.1426,14.7672152298338,23.4070812074749,5.7,17.6,57.8321,10.7505100404779,41.8687,4448987.0,82.7029885700532,0.842290056016846,11.132265423178598
252,Norway,NOR,2021,100.0,100.0,100.0,2.70403821341313,9850.0,46.76,22.3474917935273,44.4278,8.21471362641264,0.0051,2.4238,12.4392,6.6766,7.8165,1.6653,13.342,0.0593,2.1103,-16.1151,4.1648,-0.4387,-10.5742,24650.1686290752,3.43,5298.87662808584,1.3544,33.4581491750625,121878.0,0.0403713388100448,0.0,3.90868676830634,93072.8925119571,3.35449506555356,81770.0,190786146682.189,364270.0,8.9657,2.8043,0.2012,4.2712,0.0364,0.1234,0.0223,0.0353,1.4717,2.2792,0.0678,0.0125,0.0357,1.2801,0.0276,0.1168,0.1416,14.8470090866665,23.5680603667958,15.1,29.9,58.7091,10.8553303058991,48.1349,4481404.0,82.8612877226956,0.725996037206213,11.441148999792414
256,Poland,POL,2017,100.0,100.0,100.0,47.2321107808877,144620.0,1.53,-11.1171014378848,330.2221,8.69581601242887,2.0226,54.2695,11.2547,30.6417,18.7278,151.562,61.5437,0.1999,0.5071,-41.7255,4.7435,-3.2955,-44.3394,4285.89192219077,3.81,2734.42727608835,6.0462,30.8533916849015,94470.0,0.229462841468825,0.0,5.15245773325907,13913.3402919927,5.13933542172569,12780.0,152214676311.097,306190.0,49.0445,19.6686,3.8718,18.7066,0.1278,0.0241,0.0964,0.2191,6.3301,16.9885,0.961,0.0079,0.167,5.482,2.5841,0.4715,0.8352,124.0237303635,7.69933542017144,38.1,39.7,412.81,10.8706225540046,368.4706,22840296.0,60.145888199417,-0.144250430522004,9.540675262990094
257,Poland,POL,2018,100.0,100.0,100.0,47.39850409903,145120.0,1.26,-11.2756910775025,329.6329,8.68031784277711,1.7432,52.2332,11.0967,31.1399,19.895,149.9867,63.3229,0.2154,0.3374,-40.3053,4.7415,-3.8064,-43.8061,4393.41931151621,3.77,2865.52683144763,5.89,30.8946010386387,94590.0,0.201573823903604,0.0,6.2458584723942,15658.2120316794,6.24607110540019,14310.0,171615067625.537,306170.0,49.4452,19.8486,4.7785,17.9401,0.131,0.0232,0.1016,0.2212,6.401,15.9369,1.1254,0.0077,0.1709,5.4796,2.6367,0.4995,0.8436,124.031583760656,7.75176537250305,38.1,39.7,411.6684,10.8405822289811,367.8623,22805102.0,60.0533306480907,-0.154206156660708,9.658814651016986
258,Poland,POL,2019,100.0,100.0,100.0,47.4437293783281,145230.0,1.55,-16.0027497484018,312.0707,8.21985501300853,1.8978,46.7849,11.1482,30.9024,19.3884,137.4348,64.2933,0.2208,0.3493,-22.229,4.7395,-3.3652,-25.2356,4363.43809737663,3.48,2761.07246212926,5.6037,30.939858220901,94710.0,0.180467484565781,0.0,4.58045817256199,15874.5220531254,4.60600727341085,15510.0,173762917141.462,306110.0,48.2804,19.9881,4.1406,17.6151,0.1349,0.0223,0.112,0.2262,6.0412,16.2438,1.1082,0.0078,0.1754,5.4213,2.3641,0.5105,0.87,124.025595374212,7.80112341293752,38.1,39.7,392.6558,10.3424440231552,367.4202,22765093.0,59.9626184068963,-0.175592886007763,9.672533708456431
259,Poland,POL,2020,100.0,100.0,100.0,48.1266128768824,147330.0,1.78,-20.0915201107651,296.8799,7.91347409626485,1.9052,47.7752,10.762,28.5071,19.2408,127.1245,61.3837,0.1814,0.2966,-22.9888,4.7375,-3.3282,-26.109,4299.90093760092,3.44,2710.95606232103,5.404,30.9770358997811,94830.0,0.186905995530618,0.0,-2.03556882399977,16150.9304813473,-0.861202002378917,15640.0,173091209031.597,306130.0,46.606,20.1545,4.0958,16.0029,0.135,0.0197,0.1185,0.2036,5.876,16.5906,1.1059,0.0076,0.1747,5.306,2.1688,0.4966,0.8843,122.548420605625,7.93892951013638,38.0,39.5,375.6244,10.012445973355,349.5154,22462109.0,59.8738141138092,-1.33985088278536,9.68979485595588
260,Poland,POL,2021,100.0,100.0,100.0,47.3691604050964,144997.0,1.9,-12.7885371882208,324.0123,8.76145594619199,1.7747,49.3491,11.1851,29.8841,19.3569,145.8386,66.4286,0.1953,0.3217,-22.9785,4.7394,-3.5569,-26.8584,4631.20010705876,3.42,2920.11352538648,5.3331,31.0192747468148,94950.0,0.163813641500021,0.0,6.92718266052501,18635.5104895754,8.47171799983406,17470.0,196317027381.082,306100.0,47.081,19.7818,4.0112,16.975,0.1213,0.0206,0.12,0.213,5.838,15.7756,1.1125,0.0079,0.1581,5.6972,2.5211,0.548,0.8947,120.815285854296,8.09104000123697,38.0,39.5,403.1414,10.9011467039559,376.283,22118541.0,59.8096513205543,-1.5413629098982,9.832877865219565
264,Portugal,PRT,2017,100.0,100.0,100.0,40.1000899508327,36733.928,8.49,25.7223891622246,55.1436,5.35359164296186,0.0368,3.9298,2.6216,5.672,4.3292,21.8359,16.7,0.0183,1.1434,-1.1183,0.0,14.2703,13.8547,5014.1258021611,2.8,2209.9813508898,3.0042,36.154994891142,33120.0,0.126565820094357,0.0,3.31472008175986,21442.3842768879,3.56700126187077,20030.0,42514763688.6907,91605.6,11.2645,5.156,0.2867,0.5973,0.0455,0.0034,0.0479,0.0252,5.1025,2.1265,0.123,0.0054,0.0598,0.576,0.0932,0.1507,0.2727,112.441815784188,46.2569919352533,16.5,22.9,72.8197,7.06966787375125,86.6744,6296540.0,61.1296726507436,-0.251456778353515,9.973171451463381
265,Portugal,PRT,2018,100.0,100.0,100.0,40.791900276839,37367.665,11.55,16.5211324763915,51.1078,4.96972818082616,0.0338,4.0493,2.3551,5.5264,3.8244,18.4783,16.8199,0.0205,1.1132,-1.8863,0.0,-2.9046,-4.2036,5048.60935943854,2.63,2140.97558921814,3.1117,36.154994891142,33120.0,0.133573334549281,0.0,2.94628343449202,23541.1401075289,3.11123658697107,22040.0,46922550223.1851,91605.6,11.2953,5.1271,0.2848,0.6411,0.0447,0.002,0.0455,0.0248,5.1253,2.1374,0.1245,0.0049,0.0589,0.5165,0.084,0.1517,0.2849,112.261935951514,46.5702124085162,16.9,22.9,68.8776,6.69766551774233,64.674,6285812.0,61.1233069673808,-0.170524598256827,10.066547290340703
266,Portugal,PRT,2019,100.0,100.0,100.0,43.1253165745326,39505.205,10.77,5.85138641265439,46.4279,4.51358282400518,0.0365,4.0651,2.2094,5.4459,4.0183,13.4374,17.1967,0.0186,1.1028,-1.6315,0.0,-2.5061,-3.5202,5016.98235792727,2.53,2115.18570481977,3.2351,36.154994891142,33120.0,0.105115233254845,0.0,2.74568432648596,23343.3628970034,2.72130207848775,23250.0,45348501854.2744,91605.6,11.4849,5.2449,0.2855,0.6902,0.0462,0.0033,0.048,0.0252,5.1416,2.2085,0.1254,0.0046,0.0609,0.51,0.0652,0.1553,0.2827,112.288582794065,46.8006703951138,16.9,22.9,64.5604,6.27637072861155,61.0402,6286442.0,61.114927250613,0.0100220692411571,10.058110816263882
267,Portugal,PRT,2020,100.0,100.0,100.0,43.1660902826901,39542.556,12.62,-7.33446720806906,40.6444,3.94717687468905,0.0348,4.0354,2.0775,5.3212,4.0522,10.7719,14.3305,0.021,1.0898,-3.0391,0.0,-1.7131,-3.7906,4858.94983248165,2.56,1957.30550192994,3.1966,36.154994891142,33120.0,0.0954939947589765,0.0,-8.20463159324387,22299.4044062173,-8.30107079726919,21910.0,44533489571.4476,91605.6,11.4945,5.3158,0.2885,0.7329,0.0457,0.0031,0.0514,0.0209,5.0361,2.2179,0.1339,0.0043,0.0603,0.4766,0.0594,0.13,0.2646,112.406676011074,46.9945986581277,17.1,22.9,58.6825,5.69894516708182,54.8919,6291955.0,61.1042566768691,0.0876582342410479,10.012360092091727
268,Portugal,PRT,2021,100.0,100.0,100.0,43.2538567511157,39622.955,13.02,-11.1701860861714,38.962,3.76014625214405,0.0188,3.9643,1.6629,5.4508,3.9398,8.4732,15.4308,0.0214,1.0767,-1.4525,0.0,-1.9584,-2.8381,4901.6433485549,2.42,1943.29269675495,3.2385,36.154994891142,33120.0,0.0909308598606746,0.0,5.55875672070374,24711.4510062111,4.89913107175563,23980.0,49451654454.8364,91605.6,11.5434,5.2588,0.2909,0.7944,0.0439,0.003,0.0531,0.0226,5.0767,2.0882,0.1367,0.0034,0.0576,0.4553,0.0577,0.1402,0.2768,113.113510527741,46.9402458608019,17.1,22.9,56.9598,5.49707865337699,54.1217,6330574.0,61.0951249296597,0.611907811837652,10.115062484926016
272,Romania,ROU,2017,100.0,100.0,99.6,58.1449930458971,133780.0,15.33,-56.4276654917517,81.7983,4.17578692629915,1.1971,10.6599,3.9046,11.8928,9.1456,27.4024,17.5915,0.0044,1.1558,-29.0285,0.2284,-16.8364,-48.779,2777.56861539922,2.62,1693.37364201715,2.7087,30.1158292767733,69290.5,0.199328241795572,0.0,8.19547826641261,10727.9822007426,8.82266657090874,10030.0,61180404551.0762,230080.0,19.7481,9.4721,1.1546,3.4016,0.0231,0.0441,0.0185,0.0258,5.6083,7.6184,0.2412,0.0031,0.0303,2.4062,0.0828,0.17,0.4033,85.1387126216968,17.5110400917741,24.3,24.5,115.2104,5.88146797786379,66.4314,10453491.0,53.3648643239046,-0.9295931039634,9.280703975649686
273,Romania,ROU,2018,99.8,99.9,99.8,58.3014603616134,134140.0,15.61,-55.7865316073785,83.0019,4.26219717910626,1.1501,11.2341,3.7178,12.5892,9.5107,26.7117,18.0805,0.0079,1.1543,-28.3373,0.2284,-16.4741,-46.8386,2838.45564104289,2.49,1717.11748022415,2.7855,30.1158292767733,69290.5,0.186181613264917,0.0,5.39452228185675,12416.134317959,6.01553045118388,11490.0,70379466092.2155,230080.0,19.4402,9.241,1.1455,3.2854,0.0242,0.0443,0.0177,0.0255,5.6567,7.5911,0.262,0.0029,0.0317,2.3017,0.0782,0.1682,0.3966,84.6399947844228,17.5989660421448,24.3,24.5,116.06,5.95975037447423,69.2214,10349358.0,53.1445711571868,-1.0011500806521,9.426832597621685
274,Romania,ROU,2019,100.0,100.0,100.0,60.0921418636996,138260.0,15.3,-56.7718301666383,81.1522,4.18922540818417,1.0175,11.2763,3.3054,12.8972,9.4198,24.6777,18.5506,0.0077,1.1531,-28.8962,0.2284,-15.7724,-46.8404,2820.56539536543,2.37,1705.25777604649,2.7997,30.1158292767733,69290.5,0.17146485178739,0.0,3.96028958497598,12909.6104013244,4.50941296110349,12660.0,69458756348.9208,230080.0,19.3522,9.1319,1.1557,3.2579,0.0239,0.0443,0.0168,0.0258,5.6959,7.3288,0.262,0.003,0.0315,2.3867,0.0749,0.1842,0.3907,84.1952712100139,17.6872955172711,24.4,24.5,113.9659,5.88312878697775,67.1255,10246281.0,52.8931835224862,-1.00096783243341,9.465804764002932
275,Romania,ROU,2020,100.0,100.0,100.0,56.7150556328234,130490.0,15.79,-59.6755231851719,75.7011,3.92941176470588,1.1425,11.4685,3.0131,13.3781,9.438,19.2525,18.0008,0.0075,1.1361,-28.6024,0.2284,-18.7048,-49.2101,2726.41154410143,2.39,1669.6382293589,2.7737,30.1158292767733,69290.5,0.196030160199085,0.0,-3.59802546034757,13009.1770573223,-3.06561724934225,12720.0,66721096552.4911,230080.0,18.9253,8.9573,1.1587,2.8656,0.0265,0.0462,0.0155,0.0238,5.8317,7.3547,0.2598,0.0033,0.0348,2.478,0.0545,0.1767,0.392,83.7328320584145,17.7908296149213,24.4,24.5,108.1538,5.6139318202463,58.9437,10135823.0,52.611947245178,-1.0838830121159,9.473487180739257
276,Romania,ROU,2021,100.0,100.0,100.0,56.8454450625869,130790.0,15.15,-56.9879385223132,80.7465,4.22268857135102,0.9608,13.1744,2.8193,14.3165,9.6541,20.6392,19.1771,0.0051,1.1357,-28.3049,0.2284,-17.9833,-47.8666,2900.83824132119,2.4,1787.09564245924,2.8284,30.1158292767733,69290.5,0.176558892679398,0.0,5.58735072538869,14907.9803652143,6.37801653902932,14180.0,74702704079.9035,230080.0,18.8039,8.7473,1.2343,2.8767,0.0289,0.0478,0.0172,0.0243,5.8273,7.5845,0.2801,0.0033,0.038,2.5565,0.061,0.1931,0.383,83.1104789638387,17.9642832505812,24.4,24.5,113.4783,5.93441846403675,65.6117,9987863.0,52.2321512130811,-1.47053244927971,9.609719019452168
296,Slovak Republic,SVK,2017,100.0,100.0,100.0,39.0806988352745,18790.0,24.45,-37.7769861531662,37.7288,6.93642043582623,0.061,4.8001,5.8262,7.7511,4.7002,6.787,7.7963,0.0069,0.0849,-3.6901,0.0,-0.5871,-5.2693,5424.11134513108,4.33,3316.8259702586,0.7783,40.05615640599,19259.0,0.302917316859385,0.0,2.87473327453695,17645.5298716761,2.71521709643727,16710.0,26947588754.4306,48080.0,5.5091,1.6204,0.2682,0.6882,0.0244,0.0202,0.0202,0.0072,2.8603,1.1427,0.0543,0.0014,0.0315,1.4547,0.1264,0.0755,0.1623,113.128785357737,14.6511761885852,37.3,37.3,47.0651,8.65289437920648,41.7958,2916114.0,53.6126018237016,-0.0820276118766918,9.77829443519454
297,Slovak Republic,SVK,2018,100.0,100.0,100.0,39.2886855241265,18890.0,24.08,-38.5786709942145,37.2427,6.83757404157436,0.1066,4.511,5.7355,8.3788,4.5784,6.1909,7.7274,0.0141,0.1444,-2.9672,0.0,-0.5836,-4.2956,5400.99813265511,4.14,3269.57251976129,0.7483,40.05615640599,19259.0,0.261165888626285,0.0,4.06211981896483,19573.3717031314,3.91808506492153,18460.0,30483493389.2651,48080.0,5.4262,1.6081,0.2189,0.688,0.0263,0.0198,0.0196,0.0067,2.8388,1.3273,0.048,0.0013,0.0341,1.4707,0.126,0.0762,0.1689,113.285586522463,14.7567582225026,37.6,37.6,46.6697,8.56832424201421,42.3741,2913377.0,53.4881496935559,-0.0939018587082026,9.881976423441277
298,Slovak Republic,SVK,2019,100.0,100.0,100.0,39.2054908485857,18850.0,26.2,-42.5950114455725,34.8074,6.3818228588265,0.0982,4.5013,4.6996,7.4571,4.551,5.6574,7.8287,0.0141,0.0656,-3.972,0.0,-0.5137,-5.065,5213.46417689146,3.98,3128.36337933814,0.7536,40.05615640599,19259.0,0.231740977475859,0.0,2.27589910019393,19406.0589683582,2.13758470717096,19230.0,30849975897.1215,48080.0,5.3397,1.5743,0.2325,0.6963,0.0268,0.0165,0.019,0.0064,2.7678,1.2385,0.0495,0.0011,0.0348,1.4542,0.0979,0.0771,0.1646,113.43899750416,14.8592639011425,37.6,37.6,44.0185,8.070647894162,38.9535,2910696.0,53.3666558664583,-0.0920661602068446,9.873392143217202
299,Slovak Republic,SVK,2020,100.0,100.0,100.0,39.1638935108153,18830.0,27.37,-46.1630944606068,32.6439,5.98002098252976,0.1273,4.266,4.3143,7.2101,4.3017,5.4247,6.9882,0.0115,0.0719,-6.6414,0.0,-0.427,-7.2438,5050.16920301742,3.99,3032.64269516845,0.7187,40.05615640599,19259.0,0.205630977226963,0.0,-2.58551241733207,19735.4858280801,-2.66902849173539,19420.0,30744436696.9822,48080.0,5.4223,1.5864,0.2437,0.699,0.0236,0.0151,0.0203,0.0056,2.8287,1.3131,0.0494,0.0011,0.0307,1.4697,0.0811,0.0716,0.1945,113.536335274542,14.9627398789085,37.6,37.6,41.9962,7.69326450535985,34.7524,2906727.0,53.2481998906526,-0.136452192519956,9.890224274245904
300,Slovak Republic,SVK,2021,100.0,100.0,100.0,38.6023294509151,18560.0,25.47,-39.5589661382572,36.6483,6.72785720933896,0.1311,5.0248,5.7603,7.9856,4.7956,5.693,7.251,0.0068,0.06,-6.3783,0.0,-0.5627,-7.2638,5404.56491141305,4.14,3305.89912789281,0.7433,40.05615640599,19259.0,0.1989552526273,0.0,5.6558588065555,22123.3342114545,5.88046673143569,21010.0,33035798493.7126,48080.0,5.6286,1.5224,0.2838,0.7781,0.0237,0.0205,0.0233,0.0055,2.9713,1.3503,0.0534,0.0013,0.0308,1.572,0.0762,0.0757,0.1919,113.295486688852,15.0866345988247,37.6,37.6,46.3719,8.51290569346314,39.1081,2897399.0,53.1901479870605,-0.321426792975625,10.004433377285704
312,Spain,ESP,2017,100.0,100.0,100.0,52.6387138276281,262955.3,19.35,21.3176314933947,278.3849,5.97761510797052,1.4326,31.1759,22.1456,32.925,20.5966,78.9062,91.2029,0.0,1.3468,-47.9131,0.0373,-4.2067,-53.2969,5605.86415235912,2.84,2690.49733287835,7.4894,37.1522339173654,185593.0,0.0231565010767362,0.0,2.89604207865007,28381.3425596906,2.64617061107108,27290.0,263091449188.236,499547.35,43.4265,27.4576,0.8344,1.2288,0.0965,0.0434,0.1258,0.1471,13.4929,15.1298,0.6527,0.0111,0.1347,2.4929,0.3088,0.8536,1.432,93.2268622784207,17.3038932788478,14.9,28.0,350.3164,7.52216303833233,297.0195,37008446.0,79.4663233085683,0.375011440683515,10.253522489932335
313,Spain,ESP,2018,100.0,100.0,100.0,52.408209711446,261833.239,19.84,18.4432412739391,271.7891,5.80969253331158,1.1069,33.0115,22.1009,33.5762,20.9624,68.7619,92.2693,0.0,1.3319,-47.8319,0.0408,-4.5402,-53.7479,5556.79404205176,2.77,2666.26079715432,5.7865,37.1566467814769,185635.9,0.029298367314375,0.0,2.39541124478878,30602.4212881113,1.93406292039191,29530.0,282585880832.941,499603.479,43.8153,27.8145,0.8474,1.2508,0.097,0.0423,0.119,0.149,13.4953,15.3281,0.6679,0.0113,0.1353,2.4594,0.2735,0.8682,1.5161,93.638281089712,17.4565485459177,15.0,28.1,342.6507,7.32441151364784,288.9028,37218835.0,79.5580057813361,0.566879348329503,10.328867088491581
314,Spain,ESP,2019,100.0,100.0,100.0,52.4584917258728,262066.906,21.0,10.8440487074875,254.3514,5.3981216422823,1.1296,31.2538,21.0844,33.66,19.9091,53.7334,93.581,0.0,1.357,-47.4535,0.0353,-4.1669,-52.3962,5418.86933117843,2.64,2573.90442450746,5.6304,37.1677215644695,185678.8,0.0212563494432773,0.0,1.96117850841711,29786.5245689007,1.23303741249605,30560.0,280389183098.039,499570.036,43.5605,27.9823,0.8224,1.1903,0.1012,0.0398,0.1283,0.1558,13.1404,15.0218,0.6849,0.0109,0.1402,2.3845,0.1653,0.8812,1.4025,94.3181087826492,17.4801448089958,17.9,28.1,324.2336,6.88123758436203,271.8374,37522807.0,79.6349761108307,0.813398442437862,10.301844946212388
315,Spain,ESP,2020,100.0,100.0,100.0,52.3316792232841,261426.381,24.11,-6.54261730839796,214.4546,4.52823497177668,1.337,31.3284,19.2608,30.7695,18.076,39.8935,73.7894,0.0,1.3454,-47.0751,0.0377,-3.8629,-51.4742,5089.18774012116,2.67,2303.51311623486,4.7242,37.1773054885498,185721.7,0.0195039646757914,0.0,-10.9400706350371,27233.9426461608,-11.3931290455953,27410.0,259496676188.328,499556.645,43.8319,28.4399,0.8198,1.2156,0.0923,0.0352,0.123,0.1249,12.9813,15.3492,0.7385,0.0099,0.1296,2.159,0.1358,0.7031,1.4755,94.802910688937,17.5329187686036,17.9,28.1,283.7113,5.99059861876698,232.2371,37743362.0,79.6955674617799,0.586068440110494,10.21225608392831
316,Spain,ESP,2021,100.0,100.0,100.0,52.4848941208322,262284.464,22.79,1.62327786295071,233.1927,4.91513320564969,0.9788,32.486,20.5046,32.0378,20.0243,40.6221,86.5391,0.0,1.3354,-46.6094,0.0373,-4.4737,-52.1988,5236.4247812165,2.66,2422.46704705393,4.8208,37.1727521093233,185764.6,0.0179665098501539,0.0,6.68314420473001,30799.4775937775,6.49336738803039,30380.0,296874914271.313,499733.244,44.5964,28.6348,0.8228,1.2567,0.0948,0.0393,0.1299,0.1473,13.4709,14.443,0.7531,0.011,0.1314,2.2644,0.1421,0.8161,1.5044,94.9382927184248,17.6178564407025,17.9,28.1,302.6753,6.3796568998943,250.4765,37852874.0,79.7846242983598,0.289728913503661,10.335285475132922
320,Sweden,SWE,2017,100.0,100.0,100.0,7.39330060221358,30113.7,50.03,-26.7860642885143,41.8362,4.15961982553065,0.0236,2.5789,3.4508,6.9013,4.3594,7.0682,17.2931,0.1609,1.2147,-52.1615,0.0,9.946,-47.9036,13498.416834548,3.91,4926.81117539334,1.2074,68.6944981353789,279800.0,0.191499546174063,0.0,1.88282184966646,53210.2233318965,0.519214362381689,52240.0,118722133835.96,407310.64,8.2362,4.0453,0.3927,0.1523,0.1699,0.0113,0.2109,0.0823,3.1714,4.1619,0.1429,0.0016,0.2251,0.7488,0.4068,0.1716,0.1978,24.6929419766692,17.7019290473112,15.0,14.9,57.3362,5.70072793993218,9.4326,8774072.0,87.237373786911,1.61992094622639,10.882024617965046
321,Sweden,SWE,2018,100.0,100.0,100.0,7.36634329022193,30003.9,49.83,-30.6149199193594,39.6483,3.89655686848453,0.0168,2.4378,1.8152,6.907,4.4779,7.2942,16.5355,0.1638,2.4492,-47.9037,0.0,10.2453,-41.4166,13330.4321658493,3.91,4966.26111814633,1.1421,68.6944981353789,279800.0,0.253253037737023,0.0,1.7702553546772,54018.4554391861,0.594886136077946,54930.0,122423325346.26,407310.64,8.087,4.0087,0.3435,0.1675,0.1692,0.0128,0.2063,0.0839,3.095,4.0764,0.1307,0.0009,0.2242,0.7413,0.4325,0.1651,0.1982,24.9814588688378,17.7848763926104,15.0,14.9,54.8468,5.39023552723314,13.4302,8900641.0,87.4737430925296,1.43222878427888,10.897099546569882
322,Sweden,SWE,2019,100.0,100.0,100.0,7.37821646042035,30050.0,51.14,-30.8830220641765,39.4951,3.8423518032643,0.0198,2.514,2.4271,7.0175,4.2338,6.4381,16.6786,0.1662,2.5558,-45.9109,0.0,9.076,-41.3656,12811.5038135938,3.73,4781.87568337501,1.0994,68.6996660773915,279800.0,0.207231534510574,0.0,2.60823012869524,51648.9892820514,1.57332206499805,56100.0,118793246072.98,407280.0,8.1872,3.9131,0.3339,0.1706,0.1726,0.0133,0.2172,0.0719,3.2946,4.284,0.1355,0.001,0.2289,0.7396,0.3839,0.1654,0.201,25.2378879395011,17.8363734517902,14.6,14.4,54.9209,5.34307848699961,13.5553,9015493.0,87.7088420242759,1.28212451768993,10.852245267036658
323,Sweden,SWE,2020,100.0,100.0,100.0,7.38067177371833,30060.0,49.58,-33.4315674525396,38.0388,3.67402454179006,0.0182,2.4144,2.8951,6.8341,4.4869,6.0225,15.2059,0.1617,2.3077,-44.3616,0.0,9.6178,-40.9622,12607.4980668265,3.44,4284.99805555044,1.0499,68.6996660773915,279800.0,0.179998566679703,0.0,-1.93379704032216,52568.5726980146,-2.63997048116038,54590.0,118750195745.335,407280.0,8.4105,3.8755,0.3646,0.1733,0.1877,0.0154,0.2044,0.0655,3.5239,4.3309,0.1299,0.0012,0.2484,0.8526,0.2862,0.1522,0.2048,25.4209438224317,17.9328518870703,14.7,14.5,53.7054,5.18720247817103,12.7432,9105066.0,87.9424046895699,0.988642012430427,10.869892765532686
324,Sweden,SWE,2021,100.0,100.0,100.0,7.3733058338244,30030.0,48.82,-29.1620582964664,40.4785,3.88625523254982,0.0102,2.3617,4.3709,7.1395,4.5705,6.4227,15.4466,0.1564,0.6673,-40.5093,0.0,9.9054,-38.3049,13017.9973503743,3.49,4558.74420693219,1.0143,68.6996660773915,279800.0,0.179786890775554,0.0,5.2258643028773,60647.5416365347,4.5957806799404,59840.0,142620006407.407,407280.0,8.269,3.8643,0.3675,0.184,0.1849,0.0162,0.2324,0.0615,3.3584,4.1547,0.127,0.0024,0.2448,0.848,0.3212,0.1529,0.2049,25.5740792575133,18.0374701629585,14.8,14.5,55.8177,5.35893940471846,17.5128,9184054.0,88.1741651958315,0.863775743315115,11.012850868518953
328,Switzerland,CHE,2017,100.0,100.0,100.0,38.259882464098,15116.338,35.75,-11.0350713738318,39.8183,4.71119898152355,0.049,12.9996,0.3795,5.1345,2.7844,2.7218,15.7479,0.0017,0.6794,-3.1664,0.7698,-0.1452,-1.8808,7582.25427835832,1.71,2809.47945669194,1.5878,31.8603337971021,12587.9,0.00961701007033083,0.0,1.36279965488859,82254.3769269767,0.421326259922779,80770.0,168361612687.559,39509.63,5.5928,4.1856,0.2729,0.7811,0.0198,0.0029,0.0455,0.0266,0.2585,1.3951,0.053,0.0002,0.0263,0.2034,0.0565,0.1458,0.1633,213.918480127503,20.5926575207998,9.7,9.7,49.0425,5.80258263289414,47.1617,6585051.0,77.9126273688843,2.53743050638578,11.31758403946326
329,Switzerland,CHE,2018,100.0,100.0,100.0,38.1824051503393,15085.727,41.54,-13.9405192002199,38.5179,4.52389143055195,0.0155,11.9296,0.3944,4.9613,2.7121,2.6888,15.8147,0.0016,0.6578,-1.4997,0.7683,1.2173,1.0635,7433.82126765362,1.67,2806.4991558403,1.5639,31.9474011778901,12622.3,0.0127915099112579,0.0,2.86044579439036,85217.3691512274,2.10552471989985,82470.0,177212592845.091,39509.63,5.632,4.1835,0.2582,0.8425,0.0189,0.0029,0.0454,0.0263,0.2543,1.3955,0.0495,0.0002,0.025,0.2012,0.0565,0.1467,0.164,215.500094533915,20.304227396611,9.7,9.7,47.7525,5.60848658772758,48.816,6751200.0,79.2922201625844,2.49181868216515,11.352972289945507
330,Switzerland,CHE,2019,100.0,100.0,100.0,38.1050341397781,15055.158,42.65,-14.2142175689776,38.3954,4.47745146514166,0.014,11.9413,0.3584,4.8461,2.6899,2.782,15.7621,0.0016,0.5982,-2.7782,0.7675,-1.8393,-3.2005,7353.92896791708,1.69,2857.15819180217,1.4995,32.034468558678,12656.7,0.00873845683473987,0.0,1.14198218965691,84121.9310304414,0.423089633793808,83160.0,178330806269.025,39509.63,5.6208,4.1004,0.2613,0.9091,0.019,0.0029,0.0473,0.026,0.2548,1.3902,0.0496,0.0002,0.0251,0.2002,0.0589,0.1464,0.1692,217.042781721823,19.9665369818321,10.0,10.0,47.5554,5.54563815992014,44.3549,6927050.0,80.7792907322229,2.5713770284745,11.34003447265281
331,Switzerland,CHE,2020,100.0,100.0,100.0,38.0271063029444,15024.369,42.38,-19.7000265878415,35.9401,4.16061648264036,0.0428,11.0598,0.3643,4.7111,2.5762,2.7365,14.4479,0.0016,0.5133,-2.7443,0.767,0.2076,-1.2783,7154.99017326245,1.65,2690.39023280182,1.46,32.1215359394659,12691.1,0.0077966012865903,0.0,-2.14173712008038,85897.7843338323,-2.85415823647342,81740.0,184222986836.616,39509.63,5.6614,4.0778,0.2604,0.9814,0.0191,0.0027,0.0477,0.0231,0.2492,1.483,0.0479,0.0002,0.0251,0.1891,0.0595,0.1354,0.1709,218.63446962171,19.6175014888626,12.0,12.0,45.1725,5.2294080445539,43.8942,7112812.0,82.3416838515457,2.64636277763181,11.360924955763151
332,Switzerland,CHE,2021,100.0,100.0,100.0,37.9496922648985,14993.783,37.63,-15.924106235184,37.6301,4.32303993798183,0.0426,12.4093,0.3158,4.8702,2.6792,2.6877,14.6238,0.0015,0.5645,-2.9888,0.7658,1.3569,-0.4468,7315.37290974165,1.53,2619.80556120156,1.3792,32.2086033202538,12725.5,0.0085951130615847,0.0,5.55962020605844,93664.7736696111,4.75464519304134,89120.0,209009387615.526,39509.63,5.7826,4.0785,0.2968,1.0595,0.0206,0.0029,0.0489,0.0233,0.2521,1.4773,0.054,0.0001,0.027,0.1965,0.0611,0.1369,0.1749,220.31454103721,19.2047681601641,12.1,12.1,46.9199,5.39027538024384,46.4731,7329284.0,84.2006477608879,2.99801654408171,11.447488125825933
336,Ukraine,UKR,2017,100.0,100.0,100.0,71.6191955808735,414890.0,26.13,-73.8292988045547,205.5813,4.52463056805499,2.7558,28.1175,16.4485,31.4066,18.3983,83.0925,25.3547,0.0075,0.1302,-26.4061,0.0,23.5769,-2.6947,2950.78525877728,7.42,1967.83535233788,1.0388,16.6942862074918,96710.0,0.37008282704992,0.0,2.35997228099491,2604.28759765625,2.86027869650954,2330.0,26104533789.0105,579300.0,65.0874,13.6572,0.7689,39.1059,0.0391,0.1139,0.0534,0.1019,11.2471,20.1225,0.4486,0.0105,0.0531,4.2072,0.2572,0.3102,0.708,78.432661833247,9.32934475219432,3.9,4.0,297.8249,6.5548162525868,295.1302,31470506.0,69.2633108489282,-0.320440524062044,7.865298350264902
337,Ukraine,UKR,2018,100.0,100.0,100.0,71.3306869175009,413290.0,24.85,-72.2098266427969,218.3029,4.82875863377984,2.5581,30.0205,19.4247,35.6074,18.0257,87.5562,25.0953,0.015,0.0489,-24.7882,0.0,33.1869,6.9344,3025.31091937259,7.5,2068.75608372619,1.3686,16.7034863652054,96780.0,0.363229785921986,0.0,3.48836234022659,3059.0517578125,4.09937975447431,2720.0,30488897039.0683,579400.0,66.5654,13.2088,0.8226,41.1559,0.047,0.1106,0.058,0.1004,11.062,18.9902,0.4687,0.0106,0.0642,4.1344,0.2744,0.3061,0.707,78.0271090783569,9.43521721905299,3.9,4.0,311.1926,6.88343560263468,318.127,31336915.0,69.3157992777909,-0.425399417245174,8.026187109121192
338,Ukraine,UKR,2019,100.0,100.0,100.0,71.2996202968588,413110.0,25.47,-73.5328912000523,207.9097,4.62458753784522,3.0775,25.3287,17.3663,35.348,19.8059,80.3056,26.6672,0.0104,0.1477,-26.4701,0.0,32.2094,4.8782,2973.07734792301,6.95,1987.62473314258,1.6461,16.7138419054194,96840.0,0.277766267046023,0.0,3.19950386354134,3619.86157226563,3.87284698333255,3270.0,34747437947.7287,579400.0,65.8958,12.7177,0.8336,40.9939,0.0492,0.1086,0.0576,0.1048,11.0304,20.0802,0.4953,0.0092,0.0672,4.2961,0.258,0.2907,0.6894,77.5931273731446,9.53626515591785,3.9,4.0,301.6375,6.70939847177303,306.5157,31179240.0,69.3527648708735,-0.504430684634938,8.1944672798898
339,Ukraine,UKR,2020,100.0,100.0,100.0,71.2996202968588,413110.0,24.82,-74.6801912926383,198.8972,4.45159215930416,3.0292,23.8498,16.3108,35.1625,20.8304,78.0034,21.7009,0.0101,0.0547,-32.0065,0.0,16.6983,-16.1343,2921.70902184587,6.98,1932.92182292303,1.7103,16.7241974456334,96900.0,0.271793504024285,0.0,-3.75281793983162,3709.76928710938,-3.08458576352871,3530.0,32576396853.0641,579400.0,66.9642,12.0285,0.8183,42.8616,0.0479,0.0985,0.0832,0.0905,10.9356,20.0568,0.4231,0.0095,0.0654,3.405,0.2594,0.2565,0.6799,77.1142802899551,9.63904701503748,4.2,4.3,292.7273,6.55163850217236,276.593,31000741.0,69.3839100516745,-0.574138130818796,8.218994489122407
340,Ukraine,UKR,2021,100.0,100.0,100.0,71.2996202968588,413110.0,26.03,-75.2862585337804,194.1363,4.38244379511425,2.8605,23.2275,12.3224,33.7637,22.2285,74.2359,25.4859,0.0119,0.0548,-33.7877,0.0,29.8072,-5.5924,3165.17617696616,6.89,2096.06217562326,1.8542,16.7345529858474,96960.0,0.209022460450405,0.0,3.44562065945944,4775.94580078125,4.41050883289091,4060.0,46253216233.3113,579400.0,62.9486,11.4066,0.8727,39.4156,0.0443,0.1023,0.0825,0.0994,10.9253,21.1771,0.4613,0.0098,0.0604,3.1946,0.243,0.2814,0.6697,76.4560579910252,9.75982204790497,12.3,13.0,285.0364,6.43442778378749,279.444,30744454.0,69.4027032653896,-0.830148716273566,8.471556667456065
344,United Kingdom,GBR,2017,100.0,100.0,100.0,72.1950667548465,174661.525,13.75,-34.6538443185965,380.7118,5.77133371736955,1.77,90.5284,31.3535,32.9166,13.6593,88.1171,122.086,0.2809,1.1017,-19.5007,9.5833,3.9557,-7.006,4932.16202286026,2.41,2658.99577329303,14.4613,13.0781631050304,31640.0,0.00547055293043898,0.0,3.02322219840339,40916.8115070354,2.46254947655839,42140.0,481024131587.54,241930.0,67.8644,33.2436,0.7595,4.2325,0.0698,0.0653,0.3143,0.1413,29.0381,20.7678,0.2645,0.0309,0.0926,2.8921,0.3729,1.2778,2.1039,272.665647088001,16.43722033339,28.9,28.7,490.84,7.44080283782555,483.834,54244275.0,82.23065673273,0.798556090757597,10.619320736402576
345,United Kingdom,GBR,2018,100.0,100.0,100.0,71.7185202331253,173508.616,13.44,-35.8261080610318,373.8821,5.64018313747379,1.8082,92.5253,30.5921,33.0676,13.8703,81.1948,120.5629,0.2608,1.1389,-19.4508,9.4571,4.4944,-6.4098,4901.86908838571,2.34,2632.15067210726,14.0649,13.1153639482495,31730.0,0.00706850377521334,0.0,1.55133095078786,43702.9976303165,1.05651160071312,42540.0,521533586687.031,241930.0,66.6979,32.8477,0.7894,4.3659,0.0745,0.0668,0.339,0.1425,28.0721,20.5631,0.2307,0.0294,0.0982,2.8627,0.3884,1.2667,2.0838,274.000744016864,16.5525851058434,28.8,28.7,482.168,7.27372565584034,475.7582,54653004.0,82.4465657551295,0.750672419193121,10.685194855854348
346,United Kingdom,GBR,2019,100.0,100.0,100.0,72.4229988013062,175212.961,12.97,-38.3782537755245,359.0131,5.38807912233045,1.9166,90.1701,30.6677,32.9398,13.1582,71.3089,118.5813,0.2704,1.1463,-19.2844,9.3951,4.1138,-6.566,4775.40484159025,2.22,2515.97344619501,13.4454,13.1525647914686,31820.0,0.0,0.0,1.25629899760824,43158.7411267323,0.736576132017404,43640.0,513993890387.38,241930.0,65.0722,32.4799,0.7761,4.1848,0.074,0.063,0.3581,0.1513,26.985,20.3269,0.2505,0.0284,0.0972,2.8135,0.3782,1.2334,2.0503,275.414376059191,16.6592146886574,29.0,28.7,464.709,6.97436628596299,458.143,55083809.0,82.6699420738913,0.785164433740315,10.672663421363636
347,United Kingdom,GBR,2020,100.0,100.0,100.0,71.3400491877816,172592.981,13.78,-45.1266529558993,319.6964,4.78988972791562,1.837,88.1695,27.6573,32.2185,12.6062,62.7129,94.2218,0.2731,1.0711,-19.1054,9.3217,3.9493,-6.6787,4511.02720843821,2.28,2317.4085386833,12.5517,13.1856322076634,31900.0,0.0,0.0,-10.047896637362,40812.6794663879,-10.2001887936603,39340.0,476583591973.322,241930.0,62.714,31.9897,0.7677,3.7058,0.0803,0.063,0.3538,0.1385,25.6151,20.0874,0.2612,0.0257,0.1053,2.6579,0.3816,0.9874,2.0725,275.881453312942,16.8152635919065,40.3,28.7,421.5411,6.31579018338727,414.8624,55330777.0,82.9000015258789,0.447347439874678,10.616772585237046
348,United Kingdom,GBR,2021,100.0,100.0,100.0,71.1575290373248,172151.41,12.03,-41.999609342683,337.9148,5.04470918428281,1.5625,92.5902,26.4,32.6291,12.6628,67.8479,103.9746,0.2478,1.1677,-18.8409,9.1827,3.9038,-6.8488,4569.6434969545,2.2,2377.26368887082,11.9006,13.2214553796553,31986.667,0.0,0.0,8.5431118453255,47691.3768799404,8.15420782581518,45870.0,541647624296.918,241930.0,61.6947,32.1678,0.8344,3.2774,0.078,0.0662,0.3757,0.1686,24.7267,19.5833,0.2645,0.0238,0.1018,2.7496,0.4069,1.0975,2.1317,276.873475798785,16.9558776733854,39.9,27.8,437.8694,6.53692523587722,431.0206,55589113.0,82.9886431523641,0.4658072904809,10.772526850267113
